frame,cycle,phase,wall_ms,active,started
0,-2,0,27.554002,0,0
1,-1,-149,46.940200,0,0
2,-1,-148,27.564999,0,0
3,-1,-147,24.549600,0,0
4,-1,-146,19.083500,0,0
5,-1,-145,16.447499,0,0
6,-1,-144,16.755201,0,0
7,-1,-143,16.773000,0,0
8,-1,-142,16.330399,0,0
9,-1,-141,16.841602,0,0
10,-1,-140,16.793601,0,0
11,-1,-139,16.574997,0,0
12,-1,-138,16.737401,0,0
13,-1,-137,16.559798,0,0
14,-1,-136,16.621802,0,0
15,-1,-135,16.847298,0,0
16,-1,-134,16.772300,0,0
17,-1,-133,16.740501,0,0
18,-1,-132,16.507100,0,0
19,-1,-131,16.582999,0,0
20,-1,-130,17.274201,0,0
21,-1,-129,16.333301,0,0
22,-1,-128,17.385401,0,0
23,-1,-127,16.366899,0,0
24,-1,-126,16.782600,0,0
25,-1,-125,16.585100,0,0
26,-1,-124,16.477399,0,0
27,-1,-123,16.425699,0,0
28,-1,-122,16.626000,0,0
29,-1,-121,16.584501,0,0
30,-1,-120,16.607899,0,0
31,-1,-119,16.644802,0,0
32,-1,-118,16.775798,0,0
33,-1,-117,16.645800,0,0
34,-1,-116,17.134499,0,0
35,-1,-115,16.255103,0,0
36,-1,-114,16.723000,0,0
37,-1,-113,16.636200,0,0
38,-1,-112,16.503900,0,0
39,-1,-111,16.796898,0,0
40,-1,-110,16.602200,0,0
41,-1,-109,16.686901,0,0
42,-1,-108,16.538698,0,0
43,-1,-107,16.936101,0,0
44,-1,-106,16.491402,0,0
45,-1,-105,16.786899,0,0
46,-1,-104,16.513698,0,0
47,-1,-103,16.713601,0,0
48,-1,-102,16.788099,0,0
49,-1,-101,16.559001,0,0
50,-1,-100,16.699702,0,0
51,-1,-99,16.562197,0,0
52,-1,-98,16.761001,0,0
53,-1,-97,16.542699,0,0
54,-1,-96,16.662400,0,0
55,-1,-95,16.787000,0,0
56,-1,-94,16.580500,0,0
57,-1,-93,16.621400,0,0
58,-1,-92,16.689301,0,0
59,-1,-91,16.641002,0,0
60,-1,-90,16.703498,0,0
61,-1,-89,16.651101,0,0
62,-1,-88,16.957499,0,0
63,-1,-87,16.394801,0,0
64,-1,-86,16.737700,0,0
65,-1,-85,16.672101,0,0
66,-1,-84,16.562499,0,0
67,-1,-83,16.642299,0,0
68,-1,-82,16.646203,0,0
69,-1,-81,16.684100,0,0
70,-1,-80,16.708899,0,0
71,-1,-79,16.644698,0,0
72,-1,-78,16.692102,0,0
73,-1,-77,16.657900,0,0
74,-1,-76,16.646199,0,0
75,-1,-75,16.688600,0,0
76,-1,-74,16.690601,0,0
77,-1,-73,16.617998,0,0
78,-1,-72,16.730800,0,0
79,-1,-71,16.703703,0,0
80,-1,-70,16.627397,0,0
81,-1,-69,16.590603,0,0
82,-1,-68,16.875699,0,0
83,-1,-67,16.543601,0,0
84,-1,-66,16.751997,0,0
85,-1,-65,16.579203,0,0
86,-1,-64,16.596399,0,0
87,-1,-63,16.726401,0,0
88,-1,-62,16.697999,0,0
89,-1,-61,16.620599,0,0
90,-1,-60,16.732302,0,0
91,-1,-59,16.574100,0,0
92,-1,-58,16.918700,0,0
93,-1,-57,16.492698,0,0
94,-1,-56,16.729202,0,0
95,-1,-55,16.596999,0,0
96,-1,-54,16.640898,0,0
97,-1,-53,16.601402,0,0
98,-1,-52,16.687401,0,0
99,-1,-51,16.692497,0,0
100,-1,-50,16.675603,0,0
101,-1,-49,16.634598,0,0
102,-1,-48,16.684901,0,0
103,-1,-47,16.671199,0,0
104,-1,-46,16.632799,0,0
105,-1,-45,16.714603,0,0
106,-1,-44,16.728099,0,0
107,-1,-43,16.722798,0,0
108,-1,-42,16.603202,0,0
109,-1,-41,16.648501,0,0
110,-1,-40,16.606197,0,0
111,-1,-39,16.801700,0,0
112,-1,-38,16.579602,0,0
113,-1,-37,16.750399,0,0
114,-1,-36,16.546499,0,0
115,-1,-35,16.663600,0,0
116,-1,-34,16.788702,0,0
117,-1,-33,16.562600,0,0
118,-1,-32,16.678698,0,0
119,-1,-31,16.640302,0,0
120,-1,-30,16.627099,0,0
121,-1,-29,16.876999,0,0
122,-1,-28,16.486600,0,0
123,-1,-27,16.689401,0,0
124,-1,-26,16.725499,0,0
125,-1,-25,16.552601,0,0
126,-1,-24,16.752299,0,0
127,-1,-23,16.757701,0,0
128,-1,-22,16.555000,0,0
129,-1,-21,16.624302,0,0
130,-1,-20,16.642697,0,0
131,-1,-19,16.684201,0,0
132,-1,-18,16.693301,0,0
133,-1,-17,16.958099,0,0
134,-1,-16,16.569700,0,0
135,-1,-15,16.510699,0,0
136,-1,-14,16.675700,0,0
137,-1,-13,16.642302,0,0
138,-1,-12,16.697098,0,0
139,-1,-11,16.597103,0,0
140,-1,-10,16.667500,0,0
141,-1,-9,16.713500,0,0
142,-1,-8,16.646698,0,0
143,-1,-7,16.653899,0,0
144,-1,-6,16.828001,0,0
145,-1,-5,16.568702,0,0
146,-1,-4,16.746499,0,0
147,-1,-3,16.548999,0,0
148,-1,-2,16.636800,0,0
149,-1,-1,16.735103,0,0
150,-1,0,16.654998,0,0
151,0,-149,16.659401,0,0
152,0,-148,16.718298,0,0
153,0,-147,16.662803,0,0
154,0,-146,16.586699,0,0
155,0,-145,16.709201,0,0
156,0,-144,16.709600,0,0
157,0,-143,16.556598,0,0
158,0,-142,16.665600,0,0
159,0,-141,16.671602,0,0
160,0,-140,16.657900,0,0
161,0,-139,16.689800,0,0
162,0,-138,16.664200,0,0
163,0,-137,16.647100,0,0
164,0,-136,16.661100,0,0
165,0,-135,16.739298,0,0
166,0,-134,16.672701,0,0
167,0,-133,16.655199,0,0
168,0,-132,16.608000,0,0
169,0,-131,16.663000,0,0
170,0,-130,16.713902,0,0
171,0,-129,16.630400,0,0
172,0,-128,16.676500,0,0
173,0,-127,16.837601,0,0
174,0,-126,16.624000,0,0
175,0,-125,16.704399,0,0
176,0,-124,16.544599,0,0
177,0,-123,16.620100,0,0
178,0,-122,16.810600,0,0
179,0,-121,16.781401,0,0
180,0,-120,16.742699,0,0
181,0,-119,25.189701,0,0
182,0,-118,16.589198,0,0
183,0,-117,17.284501,0,0
184,0,-116,16.513702,0,0
185,0,-115,17.165899,0,0
186,0,-114,16.335901,0,0
187,0,-113,17.883599,0,0
188,0,-112,14.987599,0,0
189,0,-111,17.020900,0,0
190,0,-110,16.431902,0,0
191,0,-109,16.722400,0,0
192,0,-108,16.929999,0,0
193,0,-107,16.651299,0,0
194,0,-106,16.138803,0,0
195,0,-105,16.626999,0,0
196,0,-104,16.710900,0,0
197,0,-103,16.835399,0,0
198,0,-102,16.522899,0,0
199,0,-101,16.721200,0,0
200,0,-100,16.627401,0,0
201,0,-99,17.094702,0,0
202,0,-98,16.305298,0,0
203,0,-97,16.650002,0,0
204,0,-96,16.646698,0,0
205,0,-95,16.612500,0,0
206,0,-94,16.665500,0,0
207,0,-93,16.526200,0,0
208,0,-92,16.678900,0,0
209,0,-91,16.698703,0,0
210,0,-90,16.797099,0,0
211,0,-89,16.517401,0,0
212,0,-88,16.597800,0,0
213,0,-87,16.818099,0,0
214,0,-86,16.694300,0,0
215,0,-85,16.932301,0,0
216,0,-84,16.322199,0,0
217,0,-83,16.679101,0,0
218,0,-82,16.569998,0,0
219,0,-81,16.683299,0,0
220,0,-80,16.660701,0,0
221,0,-79,16.644500,0,0
222,0,-78,16.684499,0,0
223,0,-77,16.939700,0,0
224,0,-76,16.613401,0,0
225,0,-75,16.467400,0,0
226,0,-74,16.669001,0,0
227,0,-73,16.635999,0,0
228,0,-72,16.696699,0,0
229,0,-71,16.794499,0,0
230,0,-70,16.626302,0,0
231,0,-69,16.725298,0,0
232,0,-68,16.518902,0,0
233,0,-67,16.660601,0,0
234,0,-66,16.641799,0,0
235,0,-65,16.821001,0,0
236,0,-64,16.511098,0,0
237,0,-63,16.744502,0,0
238,0,-62,16.658299,0,0
239,0,-61,16.730100,0,0
240,0,-60,16.556602,0,0
241,0,-59,16.689099,0,0
242,0,-58,16.621597,0,0
243,0,-57,16.846500,0,0
244,0,-56,16.654700,0,0
245,0,-55,16.573001,0,0
246,0,-54,16.613200,0,0
247,0,-53,16.756799,0,0
248,0,-52,16.605303,0,0
249,0,-51,16.680997,0,0
250,0,-50,16.721003,0,0
251,0,-49,16.557097,0,0
252,0,-48,16.707800,0,0
253,0,-47,16.633000,0,0
254,0,-46,16.665000,0,0
255,0,-45,16.651601,0,0
256,0,-44,16.815301,0,0
257,0,-43,16.708300,0,0
258,0,-42,16.527899,0,0
259,0,-41,16.638000,0,0
260,0,-40,16.715400,0,0
261,0,-39,16.669501,0,0
262,0,-38,16.620401,0,0
263,0,-37,16.660798,0,0
264,0,-36,16.691800,0,0
265,0,-35,16.643301,0,0
266,0,-34,16.646300,0,0
267,0,-33,16.825799,0,0
268,0,-32,16.566500,0,0
269,0,-31,16.782202,0,0
270,0,-30,16.549099,0,0
271,0,-29,16.782600,0,0
272,0,-28,16.574800,0,0
273,0,-27,16.672201,0,0
274,0,-26,16.713500,0,0
275,0,-25,16.618099,0,0
276,0,-24,16.592100,0,0
277,0,-23,16.735498,0,0
278,0,-22,16.651902,0,0
279,0,-21,16.706999,0,0
280,0,-20,16.584799,0,0
281,0,-19,16.698901,0,0
282,0,-18,16.597599,0,0
283,0,-17,16.714901,0,0
284,0,-16,16.663101,0,0
285,0,-15,17.011601,0,0
286,0,-14,16.358498,0,0
287,0,-13,16.683500,0,0
288,0,-12,16.589202,0,0
289,0,-11,16.658500,0,0
290,0,-10,16.835798,0,0
291,0,-9,16.552102,0,0
292,0,-8,16.632300,0,0
293,0,-7,16.710699,0,0
294,0,-6,16.671799,0,0
295,0,-5,16.634401,0,0
296,0,-4,16.793299,0,0
297,0,-3,16.603701,0,0
298,0,-2,16.722798,0,0
299,0,-1,16.773403,0,0
300,0,0,38.142901,1,1
301,0,1,23.293998,1,1
302,0,2,20.484101,1,1
303,0,3,20.461097,1,1
304,0,4,19.135602,1,1
305,0,5,17.962899,1,1
306,0,6,18.753901,1,1
307,0,7,18.859301,1,1
308,0,8,19.964799,1,1
309,0,9,19.614499,1,1
310,0,10,19.282799,1,1
311,0,11,16.181700,1,1
312,0,12,16.563602,1,1
313,0,13,16.477700,1,1
314,0,14,16.896199,1,1
315,0,15,16.602300,1,1
316,0,16,16.572598,1,1
317,0,17,17.014202,1,1
318,0,18,17.408598,1,1
319,0,19,16.379401,1,1
320,0,20,16.653299,1,1
321,0,21,16.633701,1,1
322,0,22,16.851302,1,1
323,0,23,16.780097,1,1
324,0,24,16.472600,1,1
325,0,25,16.679201,1,1
326,0,26,17.134499,1,1
327,0,27,18.093701,1,1
328,0,28,16.439497,1,1
329,0,29,16.500004,1,1
330,0,30,17.202400,1,1
331,0,31,33.295799,1,1
332,0,32,26.001301,1,1
333,0,33,25.274299,1,1
334,0,34,23.087598,1,1
335,0,35,22.870403,1,1
336,0,36,23.387399,1,1
337,0,37,23.840301,1,1
338,0,38,23.194999,1,1
339,0,39,25.572900,1,1
340,0,40,19.634400,1,1
341,0,41,19.353300,1,1
342,0,42,19.491803,1,1
343,0,43,20.110197,1,1
344,0,44,20.809799,1,1
345,0,45,18.835802,1,1
346,0,46,20.149399,1,1
347,0,47,20.109899,1,1
348,0,48,19.185901,1,1
349,0,49,19.874401,1,1
350,0,50,20.228900,1,1
351,0,51,34.738898,1,1
352,0,52,23.413900,1,1
353,0,53,23.349602,1,1
354,0,54,19.926500,1,1
355,0,55,19.385599,1,1
356,0,56,18.893301,1,1
357,0,57,19.612700,1,1
358,0,58,19.588899,1,1
359,0,59,19.737601,1,1
360,0,60,24.160001,0,0
361,0,61,16.697098,0,0
362,0,62,16.740602,0,0
363,0,63,16.613998,0,0
364,0,64,16.399302,0,0
365,0,65,16.739000,0,0
366,0,66,16.655300,0,0
367,0,67,16.835101,0,0
368,0,68,17.405499,0,0
369,0,69,16.480502,0,0
370,0,70,16.007300,0,0
371,0,71,16.485598,0,0
372,0,72,16.619802,0,0
373,0,73,16.909499,0,0
374,0,74,16.448501,0,0
375,0,75,16.795300,0,0
376,0,76,16.461201,0,0
377,0,77,16.815796,0,0
378,0,78,16.616903,0,0
379,0,79,16.546898,0,0
380,0,80,16.933199,0,0
381,0,81,16.531903,0,0
382,0,82,16.571600,0,0
383,0,83,16.803097,0,0
384,0,84,16.726002,0,0
385,0,85,16.539998,0,0
386,0,86,16.601101,0,0
387,0,87,16.638499,0,0
388,0,88,16.715202,0,0
389,0,89,16.629398,0,0
390,0,90,17.191600,0,0
391,0,91,26.470803,0,0
392,0,92,18.456198,0,0
393,0,93,16.706400,0,0
394,0,94,16.718403,0,0
395,0,95,16.486898,0,0
396,0,96,17.128099,0,0
397,0,97,16.186800,0,0
398,0,98,16.985901,0,0
399,0,99,16.240999,0,0
400,0,100,17.046001,0,0
401,0,101,16.665101,0,0
402,0,102,19.440699,0,0
403,0,103,15.305299,0,0
404,0,104,16.907502,0,0
405,0,105,16.430598,0,0
406,0,106,16.661100,0,0
407,0,107,16.910203,0,0
408,0,108,16.815599,0,0
409,0,109,16.465601,0,0
410,0,110,16.489998,0,0
411,0,111,16.658500,0,0
412,0,112,17.090403,0,0
413,0,113,16.963698,0,0
414,0,114,16.019102,0,0
415,0,115,16.732600,0,0
416,0,116,16.965199,0,0
417,0,117,16.618099,0,0
418,0,118,16.385000,0,0
419,0,119,16.606200,0,0
420,0,120,17.128002,0,0
421,0,121,25.457300,0,0
422,0,122,16.130999,0,0
423,0,123,17.470598,0,0
424,0,124,16.606700,0,0
425,0,125,16.400702,0,0
426,0,126,16.918600,0,0
427,0,127,16.441599,0,0
428,0,128,17.012700,0,0
429,0,129,16.554702,0,0
430,0,130,16.193397,0,0
431,0,131,17.356802,0,0
432,0,132,16.601700,0,0
433,0,133,16.877498,0,0
434,0,134,16.463701,0,0
435,0,135,16.407199,0,0
436,0,136,16.651303,0,0
437,0,137,16.522098,0,0
438,0,138,16.921502,0,0
439,0,139,16.571399,0,0
440,0,140,16.832501,0,0
441,0,141,16.561497,0,0
442,0,142,16.898900,0,0
443,0,143,15.856601,0,0
444,0,144,17.643999,0,0
445,0,145,16.028002,0,0
446,0,146,16.672000,0,0
447,0,147,16.728498,0,0
448,0,148,17.022002,0,0
449,0,149,15.972000,0,0
450,1,0,37.627097,1,1
451,1,1,19.839402,1,1
452,1,2,19.631401,1,1
453,1,3,18.443499,1,1
454,1,4,19.053701,1,1
455,1,5,18.547997,1,1
456,1,6,19.165702,1,1
457,1,7,19.351598,1,1
458,1,8,19.913301,1,1
459,1,9,19.617099,1,1
460,1,10,20.757303,1,1
461,1,11,22.669699,1,1
462,1,12,19.105699,1,1
463,1,13,16.577799,1,1
464,1,14,17.058101,1,1
465,1,15,18.967602,1,1
466,1,16,16.692199,1,1
467,1,17,16.616400,1,1
468,1,18,16.656499,1,1
469,1,19,16.636599,1,1
470,1,20,16.808502,1,1
471,1,21,16.636398,1,1
472,1,22,16.706102,1,1
473,1,23,16.511101,1,1
474,1,24,16.830698,1,1
475,1,25,16.585100,1,1
476,1,26,16.694300,1,1
477,1,27,16.645201,1,1
478,1,28,16.539901,1,1
479,1,29,16.625397,1,1
480,1,30,17.091502,1,1
481,1,31,32.461099,1,1
482,1,32,23.234800,1,1
483,1,33,22.756100,1,1
484,1,34,22.084203,1,1
485,1,35,23.629099,1,1
486,1,36,22.113699,1,1
487,1,37,22.537500,1,1
488,1,38,23.287799,1,1
489,1,39,23.861501,1,1
490,1,40,22.011802,1,1
491,1,41,23.211297,1,1
492,1,42,20.622700,1,1
493,1,43,19.731201,1,1
494,1,44,18.550199,1,1
495,1,45,18.126201,1,1
496,1,46,17.812099,1,1
497,1,47,18.526003,1,1
498,1,48,19.415099,1,1
499,1,49,16.980600,1,1
500,1,50,18.350799,1,1
501,1,51,31.915102,1,1
502,1,52,16.671699,1,1
503,1,53,17.326899,1,1
504,1,54,17.016601,1,1
505,1,55,17.489400,1,1
506,1,56,16.925201,1,1
507,1,57,17.591301,1,1
508,1,58,17.239001,1,1
509,1,59,17.614499,1,1
510,1,60,20.763099,0,0
511,1,61,16.813301,0,0
512,1,62,16.237799,0,0
513,1,63,17.037701,0,0
514,1,64,16.806800,0,0
515,1,65,15.906502,0,0
516,1,66,17.168600,0,0
517,1,67,16.391199,0,0
518,1,68,16.855698,0,0
519,1,69,16.456302,0,0
520,1,70,16.654700,0,0
521,1,71,16.824801,0,0
522,1,72,16.609799,0,0
523,1,73,16.616799,0,0
524,1,74,16.546100,0,0
525,1,75,16.716499,0,0
526,1,76,16.676802,0,0
527,1,77,16.739801,0,0
528,1,78,16.551599,0,0
529,1,79,16.775198,0,0
530,1,80,16.630299,0,0
531,1,81,16.797300,0,0
532,1,82,16.610403,0,0
533,1,83,16.571399,0,0
534,1,84,16.776100,0,0
535,1,85,16.554300,0,0
536,1,86,17.100599,0,0
537,1,87,16.281500,0,0
538,1,88,16.694300,0,0
539,1,89,16.546700,0,0
540,1,90,17.070401,0,0
541,1,91,25.336400,0,0
542,1,92,16.804900,0,0
543,1,93,16.726900,0,0
544,1,94,16.875099,0,0
545,1,95,16.614001,0,0
546,1,96,17.047998,0,0
547,1,97,16.558804,0,0
548,1,98,16.765997,0,0
549,1,99,16.509503,0,0
550,1,100,16.989499,0,0
551,1,101,16.159099,0,0
552,1,102,16.663101,0,0
553,1,103,16.917899,0,0
554,1,104,16.235601,0,0
555,1,105,16.645800,0,0
556,1,106,17.551199,0,0
557,1,107,16.233802,0,0
558,1,108,16.957898,0,0
559,1,109,18.293701,0,0
560,1,110,14.966801,0,0
561,1,111,16.501699,0,0
562,1,112,16.600601,0,0
563,1,113,16.384698,0,0
564,1,114,16.669001,0,0
565,1,115,16.702298,0,0
566,1,116,16.665000,0,0
567,1,117,16.772099,0,0
568,1,118,16.884003,0,0
569,1,119,16.955297,0,0
570,1,120,17.584402,0,0
571,1,121,24.410501,0,0
572,1,122,16.740698,0,0
573,1,123,16.938798,0,0
574,1,124,16.303502,0,0
575,1,125,16.890701,0,0
576,1,126,16.273297,0,0
577,1,127,16.751703,0,0
578,1,128,16.848199,0,0
579,1,129,16.461700,0,0
580,1,130,16.587500,0,0
581,1,131,16.789198,0,0
582,1,132,17.094500,0,0
583,1,133,16.115900,0,0
584,1,134,16.629502,0,0
585,1,135,16.727999,0,0
586,1,136,16.585398,0,0
587,1,137,16.746800,0,0
588,1,138,16.662203,0,0
589,1,139,16.656697,0,0
590,1,140,16.981203,0,0
591,1,141,16.455300,0,0
592,1,142,16.712699,0,0
593,1,143,16.852800,0,0
594,1,144,16.662400,0,0
595,1,145,16.474098,0,0
596,1,146,17.714903,0,0
597,1,147,15.582800,0,0
598,1,148,16.661398,0,0
599,1,149,16.587000,0,0
600,2,0,35.005301,1,1
601,2,1,19.010298,1,1
602,2,2,18.935300,1,1
603,2,3,18.897999,1,1
604,2,4,19.363303,1,1
605,2,5,18.743198,1,1
606,2,6,18.409401,1,1
607,2,7,18.155999,1,1
608,2,8,18.083300,1,1
609,2,9,18.807501,1,1
610,2,10,23.775999,1,1
611,2,11,20.064700,1,1
612,2,12,18.297300,1,1
613,2,13,16.507700,1,1
614,2,14,16.714800,1,1
615,2,15,16.813301,1,1
616,2,16,17.789301,1,1
617,2,17,16.219698,1,1
618,2,18,16.703300,1,1
619,2,19,16.632900,1,1
620,2,20,16.698401,1,1
621,2,21,16.915798,1,1
622,2,22,16.523000,1,1
623,2,23,16.816303,1,1
624,2,24,16.427297,1,1
625,2,25,16.690001,1,1
626,2,26,16.736601,1,1
627,2,27,17.133001,1,1
628,2,28,16.515598,1,1
629,2,29,16.803700,1,1
630,2,30,16.920600,1,1
631,2,31,33.300500,1,1
632,2,32,22.645902,1,1
633,2,33,23.517400,1,1
634,2,34,22.927299,1,1
635,2,35,21.117099,1,1
636,2,36,23.102701,1,1
637,2,37,22.101000,1,1
638,2,38,22.253200,1,1
639,2,39,22.626899,1,1
640,2,40,21.735400,1,1
641,2,41,25.025599,1,1
642,2,42,26.908603,1,1
643,2,43,26.502900,1,1
644,2,44,25.616400,1,1
645,2,45,27.087200,1,1
646,2,46,28.759100,1,1
647,2,47,24.660498,1,1
648,2,48,27.625103,1,1
649,2,49,28.449599,1,1
650,2,50,27.004100,1,1
651,2,51,51.278800,1,1
652,2,52,22.257101,1,1
653,2,53,26.655298,1,1
654,2,54,22.381600,1,1
655,2,55,20.309400,1,1
656,2,56,21.344900,1,1
657,2,57,19.668300,1,1
658,2,58,22.126600,1,1
659,2,59,18.495902,1,1
660,2,60,20.135701,0,0
661,2,61,16.085997,0,0
662,2,62,16.479000,0,0
663,2,63,17.128799,0,0
664,2,64,17.151803,0,0
665,2,65,16.627200,0,0
666,2,66,17.544400,0,0
667,2,67,15.850399,0,0
668,2,68,16.332999,0,0
669,2,69,16.695503,0,0
670,2,70,16.572200,0,0
671,2,71,16.665500,0,0
672,2,72,16.879398,0,0
673,2,73,16.208999,0,0
674,2,74,16.466603,0,0
675,2,75,16.706601,0,0
676,2,76,16.660098,0,0
677,2,77,16.704701,0,0
678,2,78,16.696200,0,0
679,2,79,16.671099,0,0
680,2,80,16.676001,0,0
681,2,81,16.667999,0,0
682,2,82,16.565599,0,0
683,2,83,16.743302,0,0
684,2,84,16.716398,0,0
685,2,85,16.526703,0,0
686,2,86,16.656898,0,0
687,2,87,16.937699,0,0
688,2,88,16.526800,0,0
689,2,89,16.784303,0,0
690,2,90,17.014198,0,0
691,2,91,26.432402,0,0
692,2,92,16.830999,0,0
693,2,93,16.907398,0,0
694,2,94,16.763400,0,0
695,2,95,16.594201,0,0
696,2,96,16.601298,0,0
697,2,97,16.693603,0,0
698,2,98,16.989399,0,0
699,2,99,16.662899,0,0
700,2,100,16.431399,0,0
701,2,101,16.923901,0,0
702,2,102,16.575102,0,0
703,2,103,16.982000,0,0
704,2,104,16.614400,0,0
705,2,105,16.619500,0,0
706,2,106,16.638201,0,0
707,2,107,16.586199,0,0
708,2,108,16.594600,0,0
709,2,109,16.765498,0,0
710,2,110,16.477101,0,0
711,2,111,16.626902,0,0
712,2,112,17.000999,0,0
713,2,113,16.646799,0,0
714,2,114,17.087501,0,0
715,2,115,16.260799,0,0
716,2,116,16.524002,0,0
717,2,117,16.683199,0,0
718,2,118,17.043300,0,0
719,2,119,16.390000,0,0
720,2,120,18.136002,0,0
721,2,121,24.789400,0,0
722,2,122,17.023899,0,0
723,2,123,16.801301,0,0
724,2,124,17.271698,0,0
725,2,125,16.485102,0,0
726,2,126,16.425699,0,0
727,2,127,16.759899,0,0
728,2,128,16.216502,0,0
729,2,129,17.170399,0,0
730,2,130,16.331699,0,0
731,2,131,17.392401,0,0
732,2,132,16.147401,0,0
733,2,133,16.344599,0,0
734,2,134,16.226701,0,0
735,2,135,16.625799,0,0
736,2,136,16.555998,0,0
737,2,137,16.647402,0,0
738,2,138,16.744800,0,0
739,2,139,16.698599,0,0
740,2,140,16.605802,0,0
741,2,141,16.730797,0,0
742,2,142,16.654100,0,0
743,2,143,16.709600,0,0
744,2,144,16.653702,0,0
745,2,145,16.616601,0,0
746,2,146,16.630098,0,0
747,2,147,16.756199,0,0
748,2,148,16.692102,0,0
749,2,149,16.872101,0,0
750,3,0,38.352299,1,1
751,3,1,21.060601,1,1
752,3,2,19.683797,1,1
753,3,3,20.462301,1,1
754,3,4,21.627001,1,1
755,3,5,25.263797,1,1
756,3,6,26.233200,1,1
757,3,7,22.109203,1,1
758,3,8,23.816500,1,1
759,3,9,24.248298,1,1
760,3,10,20.231102,1,1
761,3,11,21.504398,1,1
762,3,12,23.362901,1,1
763,3,13,23.129098,1,1
764,3,14,17.652702,1,1
765,3,15,19.574199,1,1
766,3,16,23.159802,1,1
767,3,17,23.231499,1,1
768,3,18,23.175102,1,1
769,3,19,26.751399,1,1
770,3,20,25.701098,1,1
771,3,21,28.759800,1,1
772,3,22,20.155400,1,1
773,3,23,16.150702,1,1
774,3,24,16.546398,1,1
775,3,25,16.666699,1,1
776,3,26,16.646203,1,1
777,3,27,16.930200,1,1
778,3,28,16.485699,1,1
779,3,29,16.650401,1,1
780,3,30,17.114598,1,1
781,3,31,35.051402,1,1
782,3,32,25.943398,1,1
783,3,33,26.250299,1,1
784,3,34,23.768201,1,1
785,3,35,23.147002,1,1
786,3,36,22.938799,1,1
787,3,37,24.256799,1,1
788,3,38,22.877600,1,1
789,3,39,22.950701,1,1
790,3,40,20.047497,1,1
791,3,41,19.335002,1,1
792,3,42,19.768998,1,1
793,3,43,20.649102,1,1
794,3,44,18.982101,1,1
795,3,45,20.894799,1,1
796,3,46,19.260399,1,1
797,3,47,20.535201,1,1
798,3,48,20.205900,1,1
799,3,49,19.534599,1,1
800,3,50,22.289999,1,1
801,3,51,34.557100,1,1
802,3,52,22.786103,1,1
803,3,53,22.167698,1,1
804,3,54,20.072900,1,1
805,3,55,18.806901,1,1
806,3,56,19.203700,1,1
807,3,57,17.046198,1,1
808,3,58,16.719900,1,1
809,3,59,16.850803,1,1
810,3,60,21.331299,0,0
811,3,61,16.331401,0,0
812,3,62,16.290598,0,0
813,3,63,16.722903,0,0
814,3,64,16.787797,0,0
815,3,65,16.505402,0,0
816,3,66,16.678900,0,0
817,3,67,16.807601,0,0
818,3,68,16.542301,0,0
819,3,69,16.821697,0,0
820,3,70,16.883902,0,0
821,3,71,16.299400,0,0
822,3,72,16.847897,0,0
823,3,73,16.518202,0,0
824,3,74,16.762000,0,0
825,3,75,16.629901,0,0
826,3,76,16.634900,0,0
827,3,77,16.875900,0,0
828,3,78,16.474199,0,0
829,3,79,16.787600,0,0
830,3,80,16.486302,0,0
831,3,81,16.816299,0,0
832,3,82,16.559601,0,0
833,3,83,16.577099,0,0
834,3,84,16.766600,0,0
835,3,85,16.689401,0,0
836,3,86,16.580500,0,0
837,3,87,16.647000,0,0
838,3,88,16.715501,0,0
839,3,89,16.613998,0,0
840,3,90,17.112400,0,0
841,3,91,25.770999,0,0
842,3,92,16.602602,0,0
843,3,93,17.049197,0,0
844,3,94,16.515903,0,0
845,3,95,16.633399,0,0
846,3,96,17.083000,0,0
847,3,97,16.564399,0,0
848,3,98,16.504001,0,0
849,3,99,16.974598,0,0
850,3,100,16.913902,0,0
851,3,101,16.567998,0,0
852,3,102,16.733602,0,0
853,3,103,16.556200,0,0
854,3,104,16.374800,0,0
855,3,105,16.585398,0,0
856,3,106,16.636502,0,0
857,3,107,16.585298,0,0
858,3,108,16.797401,0,0
859,3,109,16.526900,0,0
860,3,110,16.771000,0,0
861,3,111,16.672000,0,0
862,3,112,16.747899,0,0
863,3,113,16.476102,0,0
864,3,114,16.662300,0,0
865,3,115,16.666200,0,0
866,3,116,16.749199,0,0
867,3,117,17.045401,0,0
868,3,118,17.152097,0,0
869,3,119,16.020801,0,0
870,3,120,16.784102,0,0
871,3,121,24.503499,0,0
872,3,122,16.476601,0,0
873,3,123,17.310400,0,0
874,3,124,16.004998,0,0
875,3,125,17.266799,0,0
876,3,126,16.162403,0,0
877,3,127,16.570099,0,0
878,3,128,16.594399,0,0
879,3,129,16.669601,0,0
880,3,130,16.980100,0,0
881,3,131,16.418900,0,0
882,3,132,16.693201,0,0
883,3,133,16.616199,0,0
884,3,134,16.835198,0,0
885,3,135,16.522802,0,0
886,3,136,16.706299,0,0
887,3,137,16.594298,0,0
888,3,138,17.058503,0,0
889,3,139,16.424097,0,0
890,3,140,16.555503,0,0
891,3,141,16.729500,0,0
892,3,142,16.592000,0,0
893,3,143,16.541500,0,0
894,3,144,16.734399,0,0
895,3,145,16.729202,0,0
896,3,146,16.657699,0,0
897,3,147,16.645998,0,0
898,3,148,16.623002,0,0
899,3,149,16.675800,0,0
900,4,0,35.935100,1,1
901,4,1,20.636600,1,1
902,4,2,18.970501,1,1
903,4,3,18.658098,1,1
904,4,4,19.678701,1,1
905,4,5,18.553801,1,1
906,4,6,18.856701,1,1
907,4,7,19.330598,1,1
908,4,8,19.381203,1,1
909,4,9,19.081097,1,1
910,4,10,18.958502,1,1
911,4,11,18.540401,1,1
912,4,12,16.385000,1,1
913,4,13,16.664598,1,1
914,4,14,16.598400,1,1
915,4,15,16.846601,1,1
916,4,16,16.939402,1,1
917,4,17,16.405098,1,1
918,4,18,16.784798,1,1
919,4,19,16.778301,1,1
920,4,20,16.503900,1,1
921,4,21,16.543102,1,1
922,4,22,16.743600,1,1
923,4,23,16.555797,1,1
924,4,24,16.888402,1,1
925,4,25,16.383197,1,1
926,4,26,16.722701,1,1
927,4,27,16.965300,1,1
928,4,28,16.440600,1,1
929,4,29,16.534399,1,1
930,4,30,17.089002,1,1
931,4,31,32.563500,1,1
932,4,32,26.072897,1,1
933,4,33,26.188403,1,1
934,4,34,24.625398,1,1
935,4,35,23.761701,1,1
936,4,36,21.932799,1,1
937,4,37,22.594001,1,1
938,4,38,22.026699,1,1
939,4,39,23.832299,1,1
940,4,40,19.047301,1,1
941,4,41,19.620601,1,1
942,4,42,20.284500,1,1
943,4,43,19.391999,1,1
944,4,44,18.971398,1,1
945,4,45,20.268302,1,1
946,4,46,18.686898,1,1
947,4,47,18.633399,1,1
948,4,48,19.372001,1,1
949,4,49,19.161500,1,1
950,4,50,21.014001,1,1
951,4,51,33.199400,1,1
952,4,52,23.024898,1,1
953,4,53,22.735801,1,1
954,4,54,20.055000,1,1
955,4,55,20.756301,1,1
956,4,56,19.505501,1,1
957,4,57,19.980699,1,1
958,4,58,19.001901,1,1
959,4,59,19.727100,1,1
960,4,60,23.903701,0,0
961,4,61,16.505398,0,0
962,4,62,17.183702,0,0
963,4,63,16.200598,0,0
964,4,64,16.990501,0,0
965,4,65,16.657699,0,0
966,4,66,16.126901,0,0
967,4,67,16.553398,0,0
968,4,68,16.657602,0,0
969,4,69,16.613200,0,0
970,4,70,16.640998,0,0
971,4,71,16.662199,0,0
972,4,72,16.966403,0,0
973,4,73,16.823899,0,0
974,4,74,16.553298,0,0
975,4,75,16.138203,0,0
976,4,76,16.773298,0,0
977,4,77,16.501099,0,0
978,4,78,16.669702,0,0
979,4,79,16.747799,0,0
980,4,80,16.595200,0,0
981,4,81,16.729202,0,0
982,4,82,16.860098,0,0
983,4,83,16.472202,0,0
984,4,84,16.999397,0,0
985,4,85,16.374301,0,0
986,4,86,16.618602,0,0
987,4,87,16.789198,0,0
988,4,88,16.558301,0,0
989,4,89,16.608998,0,0
990,4,90,17.645303,0,0
991,4,91,24.151098,0,0
992,4,92,18.182401,0,0
993,4,93,16.649701,0,0
994,4,94,16.622100,0,0
995,4,95,16.696800,0,0
996,4,96,16.889501,0,0
997,4,97,16.807798,0,0
998,4,98,16.749199,0,0
999,4,99,16.657900,0,0
1000,4,100,16.638599,0,0
1001,4,101,16.781300,0,0
1002,4,102,16.573999,0,0
1003,4,103,17.250501,0,0
1004,4,104,16.273100,0,0
1005,4,105,16.738001,0,0
1006,4,106,16.505700,0,0
1007,4,107,16.864900,0,0
1008,4,108,16.581800,0,0
1009,4,109,16.527999,0,0
1010,4,110,16.877502,0,0
1011,4,111,16.458701,0,0
1012,4,112,16.806498,0,0
1013,4,113,16.506501,0,0
1014,4,114,16.785398,0,0
1015,4,115,16.726103,0,0
1016,4,116,16.784299,0,0
1017,4,117,17.224599,0,0
1018,4,118,16.180102,0,0
1019,4,119,16.453899,0,0
1020,4,120,17.180901,0,0
1021,4,121,26.338998,0,0
1022,4,122,16.881701,0,0
1023,4,123,16.749900,0,0
1024,4,124,16.890101,0,0
1025,4,125,16.077798,0,0
1026,4,126,16.932201,0,0
1027,4,127,16.688600,0,0
1028,4,128,16.493101,0,0
1029,4,129,16.529799,0,0
1030,4,130,16.658802,0,0
1031,4,131,16.735401,0,0
1032,4,132,16.555298,0,0
1033,4,133,16.602501,0,0
1034,4,134,16.518097,0,0
1035,4,135,16.647700,0,0
1036,4,136,16.695101,0,0
1037,4,137,16.594101,0,0
1038,4,138,16.783901,0,0
1039,4,139,16.774200,0,0
1040,4,140,16.672499,0,0
1041,4,141,16.637001,0,0
1042,4,142,16.709700,0,0
1043,4,143,16.734097,0,0
1044,4,144,16.637903,0,0
1045,4,145,16.645100,0,0
1046,4,146,17.326500,0,0
1047,4,147,16.670700,0,0
1048,4,148,16.520899,0,0
1049,4,149,18.238001,0,0
1050,5,0,38.868699,1,1
1051,5,1,20.971600,1,1
1052,5,2,21.212999,1,1
1053,5,3,19.599602,1,1
1054,5,4,20.160798,1,1
1055,5,5,20.375602,1,1
1056,5,6,19.585401,1,1
1057,5,7,19.428499,1,1
1058,5,8,20.486001,1,1
1059,5,9,19.110698,1,1
1060,5,10,18.860999,1,1
1061,5,11,16.444102,1,1
1062,5,12,16.642798,1,1
1063,5,13,16.798701,1,1
1064,5,14,16.668700,1,1
1065,5,15,16.556501,1,1
1066,5,16,16.597800,1,1
1067,5,17,16.646698,1,1
1068,5,18,16.719602,1,1
1069,5,19,16.727798,1,1
1070,5,20,16.653001,1,1
1071,5,21,16.675498,1,1
1072,5,22,16.553000,1,1
1073,5,23,16.780503,1,1
1074,5,24,16.670797,1,1
1075,5,25,16.653102,1,1
1076,5,26,16.677201,1,1
1077,5,27,16.933598,1,1
1078,5,28,16.369201,1,1
1079,5,29,16.638599,1,1
1080,5,30,17.232399,1,1
1081,5,31,33.979703,1,1
1082,5,32,26.827700,1,1
1083,5,33,27.497899,1,1
1084,5,34,25.874399,1,1
1085,5,35,24.050500,1,1
1086,5,36,24.575200,1,1
1087,5,37,24.931300,1,1
1088,5,38,24.535902,1,1
1089,5,39,23.882397,1,1
1090,5,40,22.996802,1,1
1091,5,41,19.871801,1,1
1092,5,42,20.012300,1,1
1093,5,43,20.516098,1,1
1094,5,44,21.704502,1,1
1095,5,45,20.323999,1,1
1096,5,46,19.939899,1,1
1097,5,47,19.616202,1,1
1098,5,48,20.519499,1,1
1099,5,49,20.390198,1,1
1100,5,50,20.257503,1,1
1101,5,51,33.909701,1,1
1102,5,52,21.782000,1,1
1103,5,53,19.503899,1,1
1104,5,54,20.769399,1,1
1105,5,55,20.251799,1,1
1106,5,56,18.656202,1,1
1107,5,57,19.159701,1,1
1108,5,58,20.124599,1,1
1109,5,59,19.126602,1,1
1110,5,60,24.217699,0,0
1111,5,61,16.466200,0,0
1112,5,62,16.526200,0,0
1113,5,63,16.554501,0,0
1114,5,64,16.578600,0,0
1115,5,65,16.749699,0,0
1116,5,66,16.658600,0,0
1117,5,67,16.782500,0,0
1118,5,68,16.520102,0,0
1119,5,69,16.621098,0,0
1120,5,70,16.860299,0,0
1121,5,71,16.878102,0,0
1122,5,72,16.898300,0,0
1123,5,73,16.589500,0,0
1124,5,74,16.448397,0,0
1125,5,75,16.533803,0,0
1126,5,76,16.705900,0,0
1127,5,77,16.645700,0,0
1128,5,78,16.576000,0,0
1129,5,79,16.689997,0,0
1130,5,80,16.824402,0,0
1131,5,81,16.730800,0,0
1132,5,82,16.510900,0,0
1133,5,83,16.831301,0,0
1134,5,84,16.529597,0,0
1135,5,85,16.665101,0,0
1136,5,86,16.578101,0,0
1137,5,87,16.734898,0,0
1138,5,88,16.644601,0,0
1139,5,89,16.854700,0,0
1140,5,90,16.871899,0,0
1141,5,91,25.406800,0,0
1142,5,92,17.197102,0,0
1143,5,93,16.629498,0,0
1144,5,94,17.199002,0,0
1145,5,95,16.089197,0,0
1146,5,96,16.760401,0,0
1147,5,97,16.918700,0,0
1148,5,98,16.245998,0,0
1149,5,99,16.697701,0,0
1150,5,100,16.596299,0,0
1151,5,101,16.688500,0,0
1152,5,102,16.746402,0,0
1153,5,103,16.399201,0,0
1154,5,104,16.583499,0,0
1155,5,105,16.541902,0,0
1156,5,106,16.781397,0,0
1157,5,107,16.545400,0,0
1158,5,108,16.875301,0,0
1159,5,109,16.421501,0,0
1160,5,110,17.102301,0,0
1161,5,111,16.375598,0,0
1162,5,112,16.659800,0,0
1163,5,113,16.485400,0,0
1164,5,114,16.761899,0,0
1165,5,115,16.585603,0,0
1166,5,116,16.688399,0,0
1167,5,117,16.686998,0,0
1168,5,118,16.793601,0,0
1169,5,119,16.566899,0,0
1170,5,120,17.332200,0,0
1171,5,121,24.124101,0,0
1172,5,122,16.390700,0,0
1173,5,123,17.076802,0,0
1174,5,124,16.715899,0,0
1175,5,125,16.527399,0,0
1176,5,126,16.639199,0,0
1177,5,127,16.648103,0,0
1178,5,128,16.860798,0,0
1179,5,129,16.656600,0,0
1180,5,130,16.432300,0,0
1181,5,131,16.718701,0,0
1182,5,132,16.968701,0,0
1183,5,133,16.496100,0,0
1184,5,134,16.610898,0,0
1185,5,135,16.521201,0,0
1186,5,136,16.726103,0,0
1187,5,137,17.327197,0,0
1188,5,138,15.876703,0,0
1189,5,139,16.812298,0,0
1190,5,140,16.597699,0,0
1191,5,141,16.657002,0,0
1192,5,142,16.666997,0,0
1193,5,143,16.835000,0,0
1194,5,144,16.640302,0,0
1195,5,145,16.567998,0,0
1196,5,146,16.595002,0,0
1197,5,147,16.643398,0,0
1198,5,148,16.676702,0,0
1199,5,149,16.738001,0,0
1200,6,0,35.928600,1,1
1201,6,1,19.630101,1,1
1202,6,2,19.146897,1,1
1203,6,3,18.775903,1,1
1204,6,4,18.122800,1,1
1205,6,5,18.803999,1,1
1206,6,6,18.341001,1,1
1207,6,7,18.192999,1,1
1208,6,8,18.915400,1,1
1209,6,9,18.470101,1,1
1210,6,10,18.552300,1,1
1211,6,11,18.829100,1,1
1212,6,12,17.213199,1,1
1213,6,13,16.753200,1,1
1214,6,14,16.514100,1,1
1215,6,15,16.594399,1,1
1216,6,16,16.815200,1,1
1217,6,17,16.737301,1,1
1218,6,18,17.095599,1,1
1219,6,19,16.222302,1,1
1220,6,20,17.214298,1,1
1221,6,21,16.432200,1,1
1222,6,22,16.527601,1,1
1223,6,23,16.686101,1,1
1224,6,24,16.826801,1,1
1225,6,25,16.551998,1,1
1226,6,26,16.547300,1,1
1227,6,27,16.905300,1,1
1228,6,28,16.455401,1,1
1229,6,29,16.395800,1,1
1230,6,30,17.271299,1,1
1231,6,31,33.735603,1,1
1232,6,32,28.470598,1,1
1233,6,33,24.641499,1,1
1234,6,34,22.594400,1,1
1235,6,35,23.503803,1,1
1236,6,36,22.668499,1,1
1237,6,37,23.171600,1,1
1238,6,38,23.041200,1,1
1239,6,39,22.598699,1,1
1240,6,40,19.008800,1,1
1241,6,41,22.372302,1,1
1242,6,42,18.016998,1,1
1243,6,43,19.765999,1,1
1244,6,44,18.912300,1,1
1245,6,45,20.153500,1,1
1246,6,46,20.455100,1,1
1247,6,47,19.474301,1,1
1248,6,48,18.633202,1,1
1249,6,49,18.709999,1,1
1250,6,50,19.639499,1,1
1251,6,51,34.172602,1,1
1252,6,52,23.024697,1,1
1253,6,53,22.503503,1,1
1254,6,54,18.895399,1,1
1255,6,55,19.028202,1,1
1256,6,56,18.944800,1,1
1257,6,57,18.558897,1,1
1258,6,58,19.622400,1,1
1259,6,59,19.380700,1,1
1260,6,60,24.143603,0,0
1261,6,61,16.265798,0,0
1262,6,62,17.121699,0,0
1263,6,63,16.433902,0,0
1264,6,64,17.010700,0,0
1265,6,65,16.626000,0,0
1266,6,66,16.269099,0,0
1267,6,67,16.626500,0,0
1268,6,68,16.520899,0,0
1269,6,69,17.212503,0,0
1270,6,70,16.661998,0,0
1271,6,71,16.407400,0,0
1272,6,72,16.758401,0,0
1273,6,73,16.457599,0,0
1274,6,74,16.586002,0,0
1275,6,75,16.671699,0,0
1276,6,76,16.760699,0,0
1277,6,77,16.620699,0,0
1278,6,78,16.626801,0,0
1279,6,79,16.645599,0,0
1280,6,80,16.595602,0,0
1281,6,81,16.662698,0,0
1282,6,82,16.804099,0,0
1283,6,83,16.574603,0,0
1284,6,84,17.088201,0,0
1285,6,85,16.505998,0,0
1286,6,86,16.637500,0,0
1287,6,87,16.425800,0,0
1288,6,88,16.645502,0,0
1289,6,89,16.638000,0,0
1290,6,90,17.197300,0,0
1291,6,91,27.877901,0,0
1292,6,92,16.416200,0,0
1293,6,93,16.781300,0,0
1294,6,94,16.429998,0,0
1295,6,95,16.615499,0,0
1296,6,96,16.662501,0,0
1297,6,97,16.674202,0,0
1298,6,98,16.635999,0,0
1299,6,99,16.992800,0,0
1300,6,100,16.581800,0,0
1301,6,101,16.493902,0,0
1302,6,102,17.166797,0,0
1303,6,103,16.947303,0,0
1304,6,104,16.201697,0,0
1305,6,105,16.666200,0,0
1306,6,106,16.426701,0,0
1307,6,107,16.682100,0,0
1308,6,108,16.729202,0,0
1309,6,109,16.849298,0,0
1310,6,110,16.789101,0,0
1311,6,111,16.504098,0,0
1312,6,112,16.731702,0,0
1313,6,113,16.784500,0,0
1314,6,114,16.637001,0,0
1315,6,115,16.484700,0,0
1316,6,116,16.668297,0,0
1317,6,117,16.597301,0,0
1318,6,118,17.128099,0,0
1319,6,119,16.485900,0,0
1320,6,120,17.110202,0,0
1321,6,121,24.645898,0,0
1322,6,122,16.489200,0,0
1323,6,123,17.439600,0,0
1324,6,124,16.554900,0,0
1325,6,125,16.384102,0,0
1326,6,126,16.415000,0,0
1327,6,127,16.750097,0,0
1328,6,128,16.944401,0,0
1329,6,129,16.349800,0,0
1330,6,130,16.581599,0,0
1331,6,131,16.833100,0,0
1332,6,132,16.737200,0,0
1333,6,133,16.470801,0,0
1334,6,134,16.651500,0,0
1335,6,135,16.504001,0,0
1336,6,136,16.806100,0,0
1337,6,137,16.723499,0,0
1338,6,138,16.806599,0,0
1339,6,139,16.597301,0,0
1340,6,140,16.406599,0,0
1341,6,141,16.723800,0,0
1342,6,142,16.620502,0,0
1343,6,143,16.617298,0,0
1344,6,144,16.889900,0,0
1345,6,145,16.473603,0,0
1346,6,146,16.927399,0,0
1347,6,147,16.483501,0,0
1348,6,148,16.576100,0,0
1349,6,149,16.805798,0,0
1350,7,0,40.632702,1,1
1351,7,1,22.229999,1,1
1352,7,2,20.283699,1,1
1353,7,3,20.379402,1,1
1354,7,4,21.267399,1,1
1355,7,5,20.606399,1,1
1356,7,6,20.504899,1,1
1357,7,7,20.082504,1,1
1358,7,8,20.187300,1,1
1359,7,9,19.630898,1,1
1360,7,10,19.138902,1,1
1361,7,11,16.096298,1,1
1362,7,12,16.858201,1,1
1363,7,13,17.075699,1,1
1364,7,14,16.600799,1,1
1365,7,15,16.630702,1,1
1366,7,16,16.918700,1,1
1367,7,17,17.948501,1,1
1368,7,18,17.551400,1,1
1369,7,19,17.880999,1,1
1370,7,20,17.691500,1,1
1371,7,21,16.597301,1,1
1372,7,22,16.842198,1,1
1373,7,23,16.583201,1,1
1374,7,24,19.625902,1,1
1375,7,25,20.025298,1,1
1376,7,26,20.313200,1,1
1377,7,27,16.479500,1,1
1378,7,28,16.395800,1,1
1379,7,29,16.758002,1,1
1380,7,30,16.897801,1,1
1381,7,31,34.585398,1,1
1382,7,32,26.725799,1,1
1383,7,33,24.315201,1,1
1384,7,34,24.107900,1,1
1385,7,35,25.493201,1,1
1386,7,36,25.628000,1,1
1387,7,37,24.536598,1,1
1388,7,38,25.254000,1,1
1389,7,39,21.125402,1,1
1390,7,40,21.180600,1,1
1391,7,41,22.704698,1,1
1392,7,42,23.628499,1,1
1393,7,43,21.363001,1,1
1394,7,44,22.217102,1,1
1395,7,45,20.867400,1,1
1396,7,46,22.492398,1,1
1397,7,47,20.661600,1,1
1398,7,48,22.656802,1,1
1399,7,49,22.009097,1,1
1400,7,50,21.586102,1,1
1401,7,51,41.035201,1,1
1402,7,52,21.602698,1,1
1403,7,53,21.240503,1,1
1404,7,54,24.706699,1,1
1405,7,55,22.091098,1,1
1406,7,56,22.457801,1,1
1407,7,57,22.501402,1,1
1408,7,58,24.742398,1,1
1409,7,59,22.712402,1,1
1410,7,60,24.814200,0,0
1411,7,61,17.100997,0,0
1412,7,62,16.222302,0,0
1413,7,63,17.347600,0,0
1414,7,64,16.264699,0,0
1415,7,65,16.492601,0,0
1416,7,66,16.752597,0,0
1417,7,67,17.227001,0,0
1418,7,68,16.379099,0,0
1419,7,69,16.738202,0,0
1420,7,70,17.894398,0,0
1421,7,71,19.354001,0,0
1422,7,72,17.205000,0,0
1423,7,73,16.827401,0,0
1424,7,74,16.716998,0,0
1425,7,75,16.950700,0,0
1426,7,76,16.366001,0,0
1427,7,77,16.336400,0,0
1428,7,78,17.082598,0,0
1429,7,79,16.433999,0,0
1430,7,80,16.233902,0,0
1431,7,81,16.756501,0,0
1432,7,82,16.533099,0,0
1433,7,83,16.481098,0,0
1434,7,84,16.818300,0,0
1435,7,85,16.696602,0,0
1436,7,86,16.533401,0,0
1437,7,87,16.670499,0,0
1438,7,88,16.724698,0,0
1439,7,89,16.692102,0,0
1440,7,90,18.199101,0,0
1441,7,91,29.501900,0,0
1442,7,92,16.767297,0,0
1443,7,93,16.748302,0,0
1444,7,94,16.590100,0,0
1445,7,95,18.711001,0,0
1446,7,96,18.066999,0,0
1447,7,97,18.074401,0,0
1448,7,98,18.066499,0,0
1449,7,99,18.508799,0,0
1450,7,100,20.495001,0,0
1451,7,101,18.130802,0,0
1452,7,102,16.317099,0,0
1453,7,103,16.715597,0,0
1454,7,104,16.828001,0,0
1455,7,105,16.496900,0,0
1456,7,106,17.400302,0,0
1457,7,107,15.891898,0,0
1458,7,108,17.130800,0,0
1459,7,109,16.516201,0,0
1460,7,110,16.618099,0,0
1461,7,111,16.756002,0,0
1462,7,112,16.614400,0,0
1463,7,113,16.699597,0,0
1464,7,114,16.614702,0,0
1465,7,115,16.710099,0,0
1466,7,116,16.878001,0,0
1467,7,117,16.103100,0,0
1468,7,118,17.099198,0,0
1469,7,119,16.703203,0,0
1470,7,120,16.491398,0,0
1471,7,121,29.834300,0,0
1472,7,122,16.764898,0,0
1473,7,123,16.964603,0,0
1474,7,124,16.766898,0,0
1475,7,125,16.789701,0,0
1476,7,126,22.523098,0,0
1477,7,127,16.589701,0,0
1478,7,128,16.678900,0,0
1479,7,129,16.955201,0,0
1480,7,130,16.498700,0,0
1481,7,131,16.848601,0,0
1482,7,132,16.451199,0,0
1483,7,133,17.154302,0,0
1484,7,134,16.127396,0,0
1485,7,135,16.552102,0,0
1486,7,136,16.850900,0,0
1487,7,137,16.945399,0,0
1488,7,138,16.227100,0,0
1489,7,139,16.603000,0,0
1490,7,140,16.652599,0,0
1491,7,141,16.791400,0,0
1492,7,142,16.608004,0,0
1493,7,143,16.780999,0,0
1494,7,144,16.497500,0,0
1495,7,145,16.801398,0,0
1496,7,146,16.803101,0,0
1497,7,147,16.813900,0,0
1498,7,148,16.222399,0,0
1499,7,149,16.787101,0,0
1500,8,0,43.069102,1,1
1501,8,1,22.551298,1,1
1502,8,2,24.588000,1,1
1503,8,3,24.467099,1,1
1504,8,4,20.990100,1,1
1505,8,5,22.230200,1,1
1506,8,6,21.900102,1,1
1507,8,7,21.346699,1,1
1508,8,8,23.982599,1,1
1509,8,9,24.320900,1,1
1510,8,10,17.062198,1,1
1511,8,11,16.661301,1,1
1512,8,12,16.867001,1,1
1513,8,13,18.820100,1,1
1514,8,14,19.966699,1,1
1515,8,15,19.547299,1,1
1516,8,16,18.893301,1,1
1517,8,17,19.786201,1,1
1518,8,18,20.477299,1,1
1519,8,19,20.712800,1,1
1520,8,20,21.409299,1,1
1521,8,21,18.995300,1,1
1522,8,22,19.127000,1,1
1523,8,23,18.178001,1,1
1524,8,24,18.535499,1,1
1525,8,25,16.660001,1,1
1526,8,26,16.745199,1,1
1527,8,27,16.418502,1,1
1528,8,28,16.685400,1,1
1529,8,29,16.773999,1,1
1530,8,30,17.041299,1,1
1531,8,31,38.487900,1,1
1532,8,32,28.197803,1,1
1533,8,33,27.176298,1,1
1534,8,34,26.912902,1,1
1535,8,35,27.592801,1,1
1536,8,36,27.237698,1,1
1537,8,37,26.506800,1,1
1538,8,38,27.462099,1,1
1539,8,39,23.284700,1,1
1540,8,40,24.381902,1,1
1541,8,41,21.393500,1,1
1542,8,42,23.452498,1,1
1543,8,43,23.692202,1,1
1544,8,44,22.697899,1,1
1545,8,45,22.652000,1,1
1546,8,46,21.668900,1,1
1547,8,47,25.549099,1,1
1548,8,48,23.294602,1,1
1549,8,49,23.339897,1,1
1550,8,50,24.251103,1,1
1551,8,51,37.846800,1,1
1552,8,52,26.654098,1,1
1553,8,53,25.466699,1,1
1554,8,54,24.582300,1,1
1555,8,55,22.418901,1,1
1556,8,56,22.797901,1,1
1557,8,57,23.841798,1,1
1558,8,58,22.668201,1,1
1559,8,59,22.457898,1,1
1560,8,60,22.013102,0,0
1561,8,61,16.662199,0,0
1562,8,62,16.682301,0,0
1563,8,63,17.051499,0,0
1564,8,64,16.917799,0,0
1565,8,65,16.072001,0,0
1566,8,66,16.641900,0,0
1567,8,67,16.631901,0,0
1568,8,68,17.005097,0,0
1569,8,69,16.357102,0,0
1570,8,70,16.612001,0,0
1571,8,71,17.246898,0,0
1572,8,72,16.270600,0,0
1573,8,73,16.644903,0,0
1574,8,74,17.077699,0,0
1575,8,75,16.627099,0,0
1576,8,76,16.350001,0,0
1577,8,77,16.860597,0,0
1578,8,78,16.872402,0,0
1579,8,79,16.413800,0,0
1580,8,80,16.702101,0,0
1581,8,81,16.464997,0,0
1582,8,82,16.982201,0,0
1583,8,83,16.341500,0,0
1584,8,84,16.784601,0,0
1585,8,85,17.005198,0,0
1586,8,86,16.167901,0,0
1587,8,87,17.071400,0,0
1588,8,88,16.183399,0,0
1589,8,89,16.737700,0,0
1590,8,90,17.724801,0,0
1591,8,91,32.081302,0,0
1592,8,92,17.717499,0,0
1593,8,93,18.607199,0,0
1594,8,94,17.926600,0,0
1595,8,95,17.681301,0,0
1596,8,96,17.428301,0,0
1597,8,97,17.258100,0,0
1598,8,98,17.496400,0,0
1599,8,99,18.738799,0,0
1600,8,100,19.424900,0,0
1601,8,101,19.385599,0,0
1602,8,102,16.393300,0,0
1603,8,103,16.565602,0,0
1604,8,104,17.143898,0,0
1605,8,105,16.456399,0,0
1606,8,106,16.705900,0,0
1607,8,107,16.632803,0,0
1608,8,108,17.438900,0,0
1609,8,109,18.144697,0,0
1610,8,110,17.463300,0,0
1611,8,111,16.632002,0,0
1612,8,112,16.886901,0,0
1613,8,113,16.336698,0,0
1614,8,114,16.969502,0,0
1615,8,115,16.567197,0,0
1616,8,116,17.139602,0,0
1617,8,117,16.216498,0,0
1618,8,118,16.765401,0,0
1619,8,119,16.581699,0,0
1620,8,120,16.849503,0,0
1621,8,121,31.819500,0,0
1622,8,122,16.890500,0,0
1623,8,123,16.521599,0,0
1624,8,124,16.756099,0,0
1625,8,125,16.623400,0,0
1626,8,126,16.597901,0,0
1627,8,127,16.705900,0,0
1628,8,128,16.611200,0,0
1629,8,129,16.753700,0,0
1630,8,130,16.920801,0,0
1631,8,131,16.370099,0,0
1632,8,132,16.639698,0,0
1633,8,133,17.197501,0,0
1634,8,134,16.829401,0,0
1635,8,135,16.878698,0,0
1636,8,136,16.291700,0,0
1637,8,137,16.397901,0,0
1638,8,138,16.586099,0,0
1639,8,139,16.623903,0,0
1640,8,140,17.057899,0,0
1641,8,141,16.984899,0,0
1642,8,142,16.365800,0,0
1643,8,143,16.486000,0,0
1644,8,144,16.794100,0,0
1645,8,145,16.701598,0,0
1646,8,146,16.742900,0,0
1647,8,147,16.331203,0,0
1648,8,148,16.882099,0,0
1649,8,149,16.749199,0,0
1650,9,0,44.966701,1,1
1651,9,1,24.040900,1,1
1652,9,2,23.484498,1,1
1653,9,3,23.867700,1,1
1654,9,4,21.809500,1,1
1655,9,5,21.604002,1,1
1656,9,6,24.176300,1,1
1657,9,7,24.256699,1,1
1658,9,8,23.258500,1,1
1659,9,9,23.192599,1,1
1660,9,10,18.879302,1,1
1661,9,11,19.735299,1,1
1662,9,12,21.775901,1,1
1663,9,13,19.470800,1,1
1664,9,14,18.922899,1,1
1665,9,15,17.820999,1,1
1666,9,16,18.364802,1,1
1667,9,17,19.814800,1,1
1668,9,18,19.349799,1,1
1669,9,19,19.990899,1,1
1670,9,20,19.936003,1,1
1671,9,21,18.676497,1,1
1672,9,22,20.375602,1,1
1673,9,23,18.924698,1,1
1674,9,24,16.869202,1,1
1675,9,25,16.661897,1,1
1676,9,26,16.508203,1,1
1677,9,27,16.496297,1,1
1678,9,28,16.921002,1,1
1679,9,29,16.532898,1,1
1680,9,30,17.005101,1,1
1681,9,31,39.192099,1,1
1682,9,32,30.223403,1,1
1683,9,33,28.845400,1,1
1684,9,34,28.325997,1,1
1685,9,35,29.221900,1,1
1686,9,36,26.791200,1,1
1687,9,37,27.176403,1,1
1688,9,38,29.023398,1,1
1689,9,39,22.217900,1,1
1690,9,40,23.121402,1,1
1691,9,41,23.912702,1,1
1692,9,42,24.159398,1,1
1693,9,43,23.728702,1,1
1694,9,44,23.115300,1,1
1695,9,45,23.934100,1,1
1696,9,46,22.740297,1,1
1697,9,47,23.400903,1,1
1698,9,48,22.655997,1,1
1699,9,49,25.129803,1,1
1700,9,50,23.366299,1,1
1701,9,51,41.327100,1,1
1702,9,52,26.661802,1,1
1703,9,53,24.866398,1,1
1704,9,54,26.133999,1,1
1705,9,55,22.957899,1,1
1706,9,56,24.774700,1,1
1707,9,57,25.243502,1,1
1708,9,58,24.013400,1,1
1709,9,59,19.600499,1,1
1710,9,60,24.348199,0,0
1711,9,61,17.993700,0,0
1712,9,62,16.773302,0,0
1713,9,63,16.857598,0,0
1714,9,64,16.666200,0,0
1715,9,65,16.887199,0,0
1716,9,66,16.613100,0,0
1717,9,67,16.970202,0,0
1718,9,68,16.656600,0,0
1719,9,69,16.699500,0,0
1720,9,70,16.264901,0,0
1721,9,71,16.831499,0,0
1722,9,72,16.779300,0,0
1723,9,73,16.630501,0,0
1724,9,74,16.966801,0,0
1725,9,75,16.827397,0,0
1726,9,76,17.218702,0,0
1727,9,77,16.136099,0,0
1728,9,78,16.691402,0,0
1729,9,79,16.760498,0,0
1730,9,80,16.949803,0,0
1731,9,81,16.982600,0,0
1732,9,82,16.514897,0,0
1733,9,83,16.148802,0,0
1734,9,84,16.884100,0,0
1735,9,85,16.735498,0,0
1736,9,86,16.431201,0,0
1737,9,87,17.258499,0,0
1738,9,88,16.068801,0,0
1739,9,89,17.137699,0,0
1740,9,90,17.382402,0,0
1741,9,91,32.758899,0,0
1742,9,92,20.014200,0,0
1743,9,93,19.612402,0,0
1744,9,94,17.177399,0,0
1745,9,95,17.849799,0,0
1746,9,96,19.199502,0,0
1747,9,97,18.075597,0,0
1748,9,98,18.162500,0,0
1749,9,99,18.842403,0,0
1750,9,100,19.523598,0,0
1751,9,101,17.442502,0,0
1752,9,102,17.388199,0,0
1753,9,103,15.959501,0,0
1754,9,104,16.913500,0,0
1755,9,105,16.527001,0,0
1756,9,106,16.687199,0,0
1757,9,107,16.668398,0,0
1758,9,108,16.688500,0,0
1759,9,109,16.777702,0,0
1760,9,110,16.744800,0,0
1761,9,111,16.669601,0,0
1762,9,112,16.334899,0,0
1763,9,113,16.823299,0,0
1764,9,114,16.765200,0,0
1765,9,115,16.655602,0,0
1766,9,116,16.851701,0,0
1767,9,117,16.601097,0,0
1768,9,118,16.561303,0,0
1769,9,119,16.664997,0,0
1770,9,120,16.788702,0,0
1771,9,121,29.960398,0,0
1772,9,122,16.794100,0,0
1773,9,123,16.574200,0,0
1774,9,124,16.769201,0,0
1775,9,125,16.658001,0,0
1776,9,126,16.803399,0,0
1777,9,127,16.278502,0,0
1778,9,128,16.940299,0,0
1779,9,129,16.797699,0,0
1780,9,130,16.714599,0,0
1781,9,131,16.302202,0,0
1782,9,132,16.844101,0,0
1783,9,133,17.180298,0,0
1784,9,134,16.838301,0,0
1785,9,135,16.360801,0,0
1786,9,136,16.589999,0,0
1787,9,137,17.017599,0,0
1788,9,138,16.294602,0,0
1789,9,139,16.371697,0,0
1790,9,140,16.970802,0,0
1791,9,141,16.839899,0,0
1792,9,142,17.064199,0,0
1793,9,143,16.906802,0,0
1794,9,144,16.697600,0,0
1795,9,145,16.489200,0,0
1796,9,146,16.401198,0,0
1797,9,147,16.456801,0,0
1798,9,148,16.919300,0,0
1799,9,149,16.353399,0,0
1800,10,0,45.226101,1,1
1801,10,1,25.212802,1,1
1802,10,2,23.048099,1,1
1803,10,3,22.748299,1,1
1804,10,4,24.282601,1,1
1805,10,5,23.655400,1,1
1806,10,6,23.914900,1,1
1807,10,7,22.705000,1,1
1808,10,8,24.273101,1,1
1809,10,9,23.435298,1,1
1810,10,10,19.486401,1,1
1811,10,11,21.620501,1,1
1812,10,12,19.786298,1,1
1813,10,13,19.651100,1,1
1814,10,14,20.405602,1,1
1815,10,15,19.050200,1,1
1816,10,16,20.241298,1,1
1817,10,17,19.683100,1,1
1818,10,18,20.340201,1,1
1819,10,19,19.618902,1,1
1820,10,20,19.550998,1,1
1821,10,21,19.742001,1,1
1822,10,22,21.082100,1,1
1823,10,23,20.148899,1,1
1824,10,24,16.615801,1,1
1825,10,25,16.414899,1,1
1826,10,26,16.672101,1,1
1827,10,27,16.631600,1,1
1828,10,28,16.680401,1,1
1829,10,29,16.684100,1,1
1830,10,30,17.154299,1,1
1831,10,31,38.583402,1,1
1832,10,32,29.007800,1,1
1833,10,33,30.132700,1,1
1834,10,34,29.078800,1,1
1835,10,35,27.745999,1,1
1836,10,36,28.556101,1,1
1837,10,37,28.268401,1,1
1838,10,38,21.709699,1,1
1839,10,39,23.513701,1,1
1840,10,40,25.282700,1,1
1841,10,41,23.179099,1,1
1842,10,42,23.537099,1,1
1843,10,43,23.989100,1,1
1844,10,44,24.356902,1,1
1845,10,45,22.231501,1,1
1846,10,46,22.863798,1,1
1847,10,47,23.562100,1,1
1848,10,48,22.698399,1,1
1849,10,49,22.789601,1,1
1850,10,50,23.463402,1,1
1851,10,51,39.814100,1,1
1852,10,52,26.077900,1,1
1853,10,53,27.223900,1,1
1854,10,54,25.950499,1,1
1855,10,55,25.097299,1,1
1856,10,56,23.035601,1,1
1857,10,57,25.316998,1,1
1858,10,58,23.875501,1,1
1859,10,59,20.082202,1,1
1860,10,60,26.627898,0,0
1861,10,61,16.789500,0,0
1862,10,62,16.694799,0,0
1863,10,63,17.107900,0,0
1864,10,64,17.135203,0,0
1865,10,65,20.591199,0,0
1866,10,66,17.384399,0,0
1867,10,67,16.890801,0,0
1868,10,68,16.832400,0,0
1869,10,69,16.375501,0,0
1870,10,70,16.858898,0,0
1871,10,71,16.400199,0,0
1872,10,72,16.831402,0,0
1873,10,73,16.758900,0,0
1874,10,74,16.593199,0,0
1875,10,75,16.384400,0,0
1876,10,76,16.771998,0,0
1877,10,77,16.867802,0,0
1878,10,78,16.291101,0,0
1879,10,79,16.487099,0,0
1880,10,80,17.085798,0,0
1881,10,81,16.582001,0,0
1882,10,82,16.546100,0,0
1883,10,83,16.490001,0,0
1884,10,84,17.169900,0,0
1885,10,85,16.375899,0,0
1886,10,86,16.585298,0,0
1887,10,87,16.572803,0,0
1888,10,88,16.752400,0,0
1889,10,89,16.782198,0,0
1890,10,90,16.894199,0,0
1891,10,91,30.795302,0,0
1892,10,92,21.769799,0,0
1893,10,93,20.961300,0,0
1894,10,94,18.002901,0,0
1895,10,95,18.958699,0,0
1896,10,96,18.580299,0,0
1897,10,97,18.675402,0,0
1898,10,98,18.802900,0,0
1899,10,99,17.928202,0,0
1900,10,100,19.061700,0,0
1901,10,101,16.773697,0,0
1902,10,102,16.317401,0,0
1903,10,103,17.241802,0,0
1904,10,104,16.239997,0,0
1905,10,105,16.867600,0,0
1906,10,106,17.125901,0,0
1907,10,107,16.364202,0,0
1908,10,108,16.955100,0,0
1909,10,109,16.172998,0,0
1910,10,110,16.777601,0,0
1911,10,111,16.975801,0,0
1912,10,112,16.630199,0,0
1913,10,113,17.144900,0,0
1914,10,114,16.883299,0,0
1915,10,115,16.520102,0,0
1916,10,116,16.532600,0,0
1917,10,117,16.754601,0,0
1918,10,118,16.421899,0,0
1919,10,119,16.305298,0,0
1920,10,120,17.356101,0,0
1921,10,121,32.246601,0,0
1922,10,122,17.550498,0,0
1923,10,123,16.211700,0,0
1924,10,124,16.790703,0,0
1925,10,125,16.767398,0,0
1926,10,126,16.548600,0,0
1927,10,127,17.572302,0,0
1928,10,128,15.893999,0,0
1929,10,129,17.827399,0,0
1930,10,130,16.234100,0,0
1931,10,131,16.920201,0,0
1932,10,132,16.592700,0,0
1933,10,133,17.114297,0,0
1934,10,134,16.508002,0,0
1935,10,135,16.270999,0,0
1936,10,136,16.690202,0,0
1937,10,137,17.003801,0,0
1938,10,138,16.500097,0,0
1939,10,139,16.590200,0,0
1940,10,140,17.018601,0,0
1941,10,141,16.212199,0,0
1942,10,142,16.638201,0,0
1943,10,143,16.587902,0,0
1944,10,144,16.488500,0,0
1945,10,145,16.632598,0,0
1946,10,146,16.847100,0,0
1947,10,147,16.497299,0,0
1948,10,148,17.154202,0,0
1949,10,149,16.542301,0,0
1950,11,0,43.247201,1,1
1951,11,1,19.639298,1,1
1952,11,2,18.687300,1,1
1953,11,3,18.847398,1,1
1954,11,4,20.614702,1,1
1955,11,5,20.285901,1,1
1956,11,6,22.075400,1,1
1957,11,7,19.210499,1,1
1958,11,8,21.131098,1,1
1959,11,9,19.515701,1,1
1960,11,10,19.494500,1,1
1961,11,11,16.183499,1,1
1962,11,12,17.138202,1,1
1963,11,13,17.185599,1,1
1964,11,14,16.773101,1,1
1965,11,15,16.742099,1,1
1966,11,16,18.113602,1,1
1967,11,17,17.527200,1,1
1968,11,18,19.023597,1,1
1969,11,19,16.596504,1,1
1970,11,20,16.740698,1,1
1971,11,21,16.542498,1,1
1972,11,22,16.691104,1,1
1973,11,23,16.677000,1,1
1974,11,24,16.702298,1,1
1975,11,25,16.650099,1,1
1976,11,26,18.719602,1,1
1977,11,27,17.281398,1,1
1978,11,28,17.033100,1,1
1979,11,29,16.049601,1,1
1980,11,30,17.216600,1,1
1981,11,31,33.836000,1,1
1982,11,32,25.585201,1,1
1983,11,33,25.179200,1,1
1984,11,34,26.517898,1,1
1985,11,35,24.996500,1,1
1986,11,36,22.495002,1,1
1987,11,37,22.659600,1,1
1988,11,38,24.047498,1,1
1989,11,39,23.171101,1,1
1990,11,40,19.334700,1,1
1991,11,41,20.567402,1,1
1992,11,42,19.218497,1,1
1993,11,43,19.326501,1,1
1994,11,44,20.160802,1,1
1995,11,45,23.409098,1,1
1996,11,46,21.921802,1,1
1997,11,47,22.157099,1,1
1998,11,48,20.630300,1,1
1999,11,49,20.938698,1,1
2000,11,50,20.905402,1,1
2001,11,51,36.561701,1,1
2002,11,52,21.407999,1,1
2003,11,53,18.668398,1,1
2004,11,54,19.549400,1,1
2005,11,55,20.343602,1,1
2006,11,56,19.452401,1,1
2007,11,57,18.948101,1,1
2008,11,58,19.219197,1,1
2009,11,59,19.067500,1,1
2010,11,60,25.672100,0,0
2011,11,61,16.313102,0,0
2012,11,62,16.894598,0,0
2013,11,63,16.753502,0,0
2014,11,64,16.229998,0,0
2015,11,65,16.964700,0,0
2016,11,66,16.360100,0,0
2017,11,67,16.838800,0,0
2018,11,68,16.356900,0,0
2019,11,69,16.927000,0,0
2020,11,70,16.496498,0,0
2021,11,71,16.800303,0,0
2022,11,72,16.534697,0,0
2023,11,73,16.713101,0,0
2024,11,74,16.500998,0,0
2025,11,75,16.704600,0,0
2026,11,76,16.682900,0,0
2027,11,77,16.665202,0,0
2028,11,78,16.638201,0,0
2029,11,79,16.649697,0,0
2030,11,80,17.042600,0,0
2031,11,81,16.337801,0,0
2032,11,82,16.690500,0,0
2033,11,83,16.725000,0,0
2034,11,84,16.557500,0,0
2035,11,85,16.669203,0,0
2036,11,86,16.719300,0,0
2037,11,87,16.664200,0,0
2038,11,88,16.702499,0,0
2039,11,89,16.628701,0,0
2040,11,90,17.168600,0,0
2041,11,91,26.677497,0,0
2042,11,92,16.437203,0,0
2043,11,93,16.578600,0,0
2044,11,94,16.988598,0,0
2045,11,95,16.628802,0,0
2046,11,96,16.586598,0,0
2047,11,97,17.072801,0,0
2048,11,98,16.796902,0,0
2049,11,99,18.244199,0,0
2050,11,100,17.192800,0,0
2051,11,101,17.229300,0,0
2052,11,102,16.644001,0,0
2053,11,103,17.353799,0,0
2054,11,104,16.467601,0,0
2055,11,105,16.691100,0,0
2056,11,106,16.769398,0,0
2057,11,107,16.806401,0,0
2058,11,108,16.506698,0,0
2059,11,109,16.970202,0,0
2060,11,110,17.802298,0,0
2061,11,111,15.456002,0,0
2062,11,112,16.335700,0,0
2063,11,113,17.339900,0,0
2064,11,114,16.564600,0,0
2065,11,115,16.638298,0,0
2066,11,116,16.425703,0,0
2067,11,117,16.393699,0,0
2068,11,118,17.069001,0,0
2069,11,119,16.398299,0,0
2070,11,120,17.586898,0,0
2071,11,121,31.551000,0,0
2072,11,122,16.907703,0,0
2073,11,123,17.282799,0,0
2074,11,124,16.406301,0,0
2075,11,125,16.990297,0,0
2076,11,126,16.217601,0,0
2077,11,127,16.448800,0,0
2078,11,128,16.834203,0,0
2079,11,129,16.839698,0,0
2080,11,130,16.641099,0,0
2081,11,131,16.725101,0,0
2082,11,132,16.385499,0,0
2083,11,133,16.098000,0,0
2084,11,134,16.938403,0,0
2085,11,135,16.514797,0,0
2086,11,136,16.445901,0,0
2087,11,137,16.659200,0,0
2088,11,138,16.771998,0,0
2089,11,139,16.821504,0,0
2090,11,140,16.594898,0,0
2091,11,141,16.740602,0,0
2092,11,142,16.583398,0,0
2093,11,143,16.807102,0,0
2094,11,144,16.489998,0,0
2095,11,145,16.761400,0,0
2096,11,146,16.650502,0,0
2097,11,147,16.723901,0,0
2098,11,148,16.602498,0,0
2099,11,149,16.600903,0,0
2100,12,0,38.715299,1,1
2101,12,1,21.297298,1,1
2102,12,2,21.044701,1,1
2103,12,3,20.508401,1,1
2104,12,4,20.177100,1,1
2105,12,5,19.676000,1,1
2106,12,6,22.061899,1,1
2107,12,7,20.010401,1,1
2108,12,8,20.949200,1,1
2109,12,9,19.439198,1,1
2110,12,10,18.820100,1,1
2111,12,11,16.947001,1,1
2112,12,12,18.160500,1,1
2113,12,13,19.424900,1,1
2114,12,14,17.190900,1,1
2115,12,15,17.203100,1,1
2116,12,16,17.927401,1,1
2117,12,17,17.293200,1,1
2118,12,18,16.848199,1,1
2119,12,19,16.851399,1,1
2120,12,20,17.592803,1,1
2121,12,21,19.823797,1,1
2122,12,22,17.116401,1,1
2123,12,23,17.385900,1,1
2124,12,24,16.826000,1,1
2125,12,25,16.823001,1,1
2126,12,26,17.547101,1,1
2127,12,27,16.515497,1,1
2128,12,28,16.614303,1,1
2129,12,29,16.710199,1,1
2130,12,30,17.062098,1,1
2131,12,31,33.197802,1,1
2132,12,32,26.753601,1,1
2133,12,33,31.068899,1,1
2134,12,34,23.964502,1,1
2135,12,35,23.262300,1,1
2136,12,36,25.992900,1,1
2137,12,37,23.308098,1,1
2138,12,38,25.885001,1,1
2139,12,39,19.644599,1,1
2140,12,40,21.076098,1,1
2141,12,41,22.253003,1,1
2142,12,42,19.814298,1,1
2143,12,43,19.567702,1,1
2144,12,44,20.388201,1,1
2145,12,45,21.605000,1,1
2146,12,46,19.721698,1,1
2147,12,47,22.643499,1,1
2148,12,48,23.690902,1,1
2149,12,49,20.858400,1,1
2150,12,50,22.045799,1,1
2151,12,51,36.276501,1,1
2152,12,52,20.525102,1,1
2153,12,53,20.139400,1,1
2154,12,54,20.366099,1,1
2155,12,55,21.460399,1,1
2156,12,56,19.723400,1,1
2157,12,57,21.238603,1,1
2158,12,58,21.222398,1,1
2159,12,59,19.265402,1,1
2160,12,60,23.390397,0,0
2161,12,61,16.128901,0,0
2162,12,62,16.883899,0,0
2163,12,63,16.958602,0,0
2164,12,64,16.486999,0,0
2165,12,65,16.855299,0,0
2166,12,66,16.893603,0,0
2167,12,67,16.530298,0,0
2168,12,68,16.590603,0,0
2169,12,69,16.423099,0,0
2170,12,70,17.308000,0,0
2171,12,71,16.135197,0,0
2172,12,72,16.704600,0,0
2173,12,73,16.358003,0,0
2174,12,74,16.373798,0,0
2175,12,75,17.149400,0,0
2176,12,76,16.520299,0,0
2177,12,77,16.780902,0,0
2178,12,78,16.759101,0,0
2179,12,79,16.297299,0,0
2180,12,80,16.612299,0,0
2181,12,81,16.661201,0,0
2182,12,82,16.639899,0,0
2183,12,83,16.611200,0,0
2184,12,84,16.682100,0,0
2185,12,85,16.662702,0,0
2186,12,86,16.878799,0,0
2187,12,87,16.634598,0,0
2188,12,88,16.582601,0,0
2189,12,89,16.793802,0,0
2190,12,90,16.953800,0,0
2191,12,91,26.623897,0,0
2192,12,92,16.485900,0,0
2193,12,93,17.037600,0,0
2194,12,94,17.130300,0,0
2195,12,95,16.929399,0,0
2196,12,96,16.811103,0,0
2197,12,97,16.444799,0,0
2198,12,98,16.649600,0,0
2199,12,99,16.777102,0,0
2200,12,100,16.587399,0,0
2201,12,101,16.666498,0,0
2202,12,102,16.871002,0,0
2203,12,103,16.536798,0,0
2204,12,104,16.617402,0,0
2205,12,105,16.776599,0,0
2206,12,106,16.699199,0,0
2207,12,107,16.539700,0,0
2208,12,108,16.594503,0,0
2209,12,109,16.792897,0,0
2210,12,110,16.534399,0,0
2211,12,111,16.767602,0,0
2212,12,112,16.745698,0,0
2213,12,113,16.700201,0,0
2214,12,114,16.608801,0,0
2215,12,115,16.685400,0,0
2216,12,116,16.658101,0,0
2217,12,117,17.113298,0,0
2218,12,118,16.913801,0,0
2219,12,119,17.096400,0,0
2220,12,120,16.022600,0,0
2221,12,121,31.638999,0,0
2222,12,122,16.448598,0,0
2223,12,123,17.364301,0,0
2224,12,124,16.844101,0,0
2225,12,125,16.277101,0,0
2226,12,126,16.455200,0,0
2227,12,127,16.743101,0,0
2228,12,128,16.872998,0,0
2229,12,129,16.593501,0,0
2230,12,130,16.576599,0,0
2231,12,131,16.773801,0,0
2232,12,132,16.320799,0,0
2233,12,133,16.537998,0,0
2234,12,134,16.844600,0,0
2235,12,135,16.733002,0,0
2236,12,136,16.589098,0,0
2237,12,137,16.817003,0,0
2238,12,138,16.327199,0,0
2239,12,139,17.035499,0,0
2240,12,140,17.128799,0,0
2241,12,141,16.471401,0,0
2242,12,142,16.875800,0,0
2243,12,143,16.396400,0,0
2244,12,144,16.371302,0,0
2245,12,145,17.148998,0,0
2246,12,146,16.827803,0,0
2247,12,147,16.751397,0,0
2248,12,148,16.870800,0,0
2249,12,149,16.344201,0,0
2250,13,0,48.400499,1,1
2251,13,1,28.417002,1,1
2252,13,2,24.508700,1,1
2253,13,3,21.007400,1,1
2254,13,4,21.759298,1,1
2255,13,5,21.350600,1,1
2256,13,6,21.117400,1,1
2257,13,7,21.116201,1,1
2258,13,8,19.284301,1,1
2259,13,9,19.111898,1,1
2260,13,10,16.398501,1,1
2261,13,11,16.787402,1,1
2262,13,12,16.487900,1,1
2263,13,13,16.812999,1,1
2264,13,14,16.542401,1,1
2265,13,15,17.078497,1,1
2266,13,16,18.753603,1,1
2267,13,17,16.785000,1,1
2268,13,18,19.211799,1,1
2269,13,19,20.644099,1,1
2270,13,20,20.236101,1,1
2271,13,21,19.237801,1,1
2272,13,22,18.275600,1,1
2273,13,23,18.337198,1,1
2274,13,24,18.502202,1,1
2275,13,25,18.670700,1,1
2276,13,26,17.235901,1,1
2277,13,27,15.577298,1,1
2278,13,28,16.705900,1,1
2279,13,29,16.784199,1,1
2280,13,30,18.148303,1,1
2281,13,31,46.523899,1,1
2282,13,32,29.208798,1,1
2283,13,33,28.910503,1,1
2284,13,34,30.685399,1,1
2285,13,35,28.947599,1,1
2286,13,36,25.879901,1,1
2287,13,37,27.111702,1,1
2288,13,38,23.900297,1,1
2289,13,39,21.793403,1,1
2290,13,40,21.460000,1,1
2291,13,41,22.261199,1,1
2292,13,42,20.971499,1,1
2293,13,43,21.066900,1,1
2294,13,44,21.551799,1,1
2295,13,45,21.430802,1,1
2296,13,46,22.873800,1,1
2297,13,47,23.339801,1,1
2298,13,48,20.268898,1,1
2299,13,49,23.013800,1,1
2300,13,50,22.984698,1,1
2301,13,51,39.287500,1,1
2302,13,52,24.680603,1,1
2303,13,53,25.942400,1,1
2304,13,54,25.445297,1,1
2305,13,55,24.412401,1,1
2306,13,56,23.530301,1,1
2307,13,57,23.576397,1,1
2308,13,58,24.507303,1,1
2309,13,59,22.215400,1,1
2310,13,60,24.227098,0,0
2311,13,61,16.575903,0,0
2312,13,62,16.794797,0,0
2313,13,63,16.710602,0,0
2314,13,64,16.433198,0,0
2315,13,65,16.640302,0,0
2316,13,66,16.752601,0,0
2317,13,67,17.123900,0,0
2318,13,68,16.738798,0,0
2319,13,69,16.783502,0,0
2320,13,70,16.148899,0,0
2321,13,71,16.714901,0,0
2322,13,72,17.000601,0,0
2323,13,73,16.283598,0,0
2324,13,74,17.714400,0,0
2325,13,75,15.888501,0,0
2326,13,76,16.043700,0,0
2327,13,77,16.958598,0,0
2328,13,78,16.352203,0,0
2329,13,79,16.742997,0,0
2330,13,80,16.613703,0,0
2331,13,81,16.638398,0,0
2332,13,82,16.769800,0,0
2333,13,83,16.660500,0,0
2334,13,84,16.928501,0,0
2335,13,85,16.320299,0,0
2336,13,86,16.745999,0,0
2337,13,87,16.846098,0,0
2338,13,88,16.598400,0,0
2339,13,89,16.546801,0,0
2340,13,90,17.148800,0,0
2341,13,91,27.605001,0,0
2342,13,92,16.490199,0,0
2343,13,93,16.644202,0,0
2344,13,94,16.550198,0,0
2345,13,95,16.631000,0,0
2346,13,96,17.147303,0,0
2347,13,97,16.217597,0,0
2348,13,98,16.805101,0,0
2349,13,99,16.696300,0,0
2350,13,100,16.536601,0,0
2351,13,101,16.689099,0,0
2352,13,102,16.865000,0,0
2353,13,103,17.680299,0,0
2354,13,104,16.131002,0,0
2355,13,105,16.551800,0,0
2356,13,106,16.739100,0,0
2357,13,107,16.636100,0,0
2358,13,108,16.509999,0,0
2359,13,109,16.447499,0,0
2360,13,110,16.673900,0,0
2361,13,111,16.591601,0,0
2362,13,112,17.042600,0,0
2363,13,113,16.803101,0,0
2364,13,114,16.509999,0,0
2365,13,115,16.437899,0,0
2366,13,116,16.794100,0,0
2367,13,117,17.009001,0,0
2368,13,118,16.772799,0,0
2369,13,119,17.223101,0,0
2370,13,120,16.740501,0,0
2371,13,121,25.955897,0,0
2372,13,122,16.283803,0,0
2373,13,123,16.874399,0,0
2374,13,124,17.992601,0,0
2375,13,125,15.720200,0,0
2376,13,126,16.439401,0,0
2377,13,127,16.366798,0,0
2378,13,128,16.883500,0,0
2379,13,129,16.871601,0,0
2380,13,130,16.304199,0,0
2381,13,131,16.645901,0,0
2382,13,132,17.010801,0,0
2383,13,133,16.328599,0,0
2384,13,134,16.426198,0,0
2385,13,135,16.737200,0,0
2386,13,136,16.795501,0,0
2387,13,137,16.414702,0,0
2388,13,138,16.726900,0,0
2389,13,139,16.635500,0,0
2390,13,140,16.657200,0,0
2391,13,141,16.745299,0,0
2392,13,142,16.635399,0,0
2393,13,143,16.642399,0,0
2394,13,144,16.680200,0,0
2395,13,145,16.627502,0,0
2396,13,146,16.782198,0,0
2397,13,147,16.554102,0,0
2398,13,148,16.780801,0,0
2399,13,149,16.611800,0,0
2400,14,0,37.486799,1,1
2401,14,1,21.895200,1,1
2402,14,2,20.949498,1,1
2403,14,3,19.484501,1,1
2404,14,4,19.879900,1,1
2405,14,5,19.457102,1,1
2406,14,6,20.790998,1,1
2407,14,7,18.952001,1,1
2408,14,8,19.621398,1,1
2409,14,9,20.571701,1,1
2410,14,10,19.263200,1,1
2411,14,11,17.517801,1,1
2412,14,12,17.032899,1,1
2413,14,13,16.632199,1,1
2414,14,14,16.816102,1,1
2415,14,15,19.119099,1,1
2416,14,16,16.011298,1,1
2417,14,17,17.356601,1,1
2418,14,18,16.809803,1,1
2419,14,19,17.039400,1,1
2420,14,20,16.704299,1,1
2421,14,21,17.669499,1,1
2422,14,22,16.769800,1,1
2423,14,23,18.099900,1,1
2424,14,24,17.859399,1,1
2425,14,25,17.763700,1,1
2426,14,26,17.126802,1,1
2427,14,27,16.782198,1,1
2428,14,28,16.904902,1,1
2429,14,29,16.442098,1,1
2430,14,30,17.177202,1,1
2431,14,31,34.153599,1,1
2432,14,32,24.688601,1,1
2433,14,33,23.553398,1,1
2434,14,34,23.942601,1,1
2435,14,35,23.638401,1,1
2436,14,36,24.947498,1,1
2437,14,37,23.642801,1,1
2438,14,38,23.470901,1,1
2439,14,39,24.790000,1,1
2440,14,40,19.502800,1,1
2441,14,41,20.340800,1,1
2442,14,42,20.395298,1,1
2443,14,43,19.777201,1,1
2444,14,44,19.889899,1,1
2445,14,45,20.226903,1,1
2446,14,46,20.484898,1,1
2447,14,47,21.415401,1,1
2448,14,48,21.003399,1,1
2449,14,49,20.035099,1,1
2450,14,50,20.309102,1,1
2451,14,51,35.416298,1,1
2452,14,52,23.311701,1,1
2453,14,53,22.522502,1,1
2454,14,54,19.814000,1,1
2455,14,55,19.408599,1,1
2456,14,56,19.223902,1,1
2457,14,57,20.165898,1,1
2458,14,58,19.674502,1,1
2459,14,59,19.710299,1,1
2460,14,60,26.589599,0,0
2461,14,61,16.564701,0,0
2462,14,62,16.979702,0,0
2463,14,63,16.667597,0,0
2464,14,64,16.367301,0,0
2465,14,65,16.414002,0,0
2466,14,66,16.824000,0,0
2467,14,67,16.500499,0,0
2468,14,68,16.902801,0,0
2469,14,69,16.761400,0,0
2470,14,70,16.821001,0,0
2471,14,71,17.239198,0,0
2472,14,72,16.540002,0,0
2473,14,73,16.604200,0,0
2474,14,74,15.851598,0,0
2475,14,75,16.581502,0,0
2476,14,76,16.822997,0,0
2477,14,77,16.778700,0,0
2478,14,78,16.553301,0,0
2479,14,79,16.745299,0,0
2480,14,80,16.692400,0,0
2481,14,81,16.484402,0,0
2482,14,82,16.599700,0,0
2483,14,83,16.700398,0,0
2484,14,84,16.731899,0,0
2485,14,85,16.517401,0,0
2486,14,86,16.827900,0,0
2487,14,87,16.633201,0,0
2488,14,88,16.906098,0,0
2489,14,89,16.630102,0,0
2490,14,90,17.018601,0,0
2491,14,91,27.573500,0,0
2492,14,92,16.379599,0,0
2493,14,93,16.699001,0,0
2494,14,94,16.824801,0,0
2495,14,95,16.458500,0,0
2496,14,96,16.981699,0,0
2497,14,97,16.672000,0,0
2498,14,98,16.714998,0,0
2499,14,99,16.775202,0,0
2500,14,100,16.733300,0,0
2501,14,101,16.867500,0,0
2502,14,102,16.862500,0,0
2503,14,103,17.085701,0,0
2504,14,104,16.736299,0,0
2505,14,105,16.551699,0,0
2506,14,106,16.671099,0,0
2507,14,107,16.779702,0,0
2508,14,108,16.561199,0,0
2509,14,109,16.763199,0,0
2510,14,110,16.765602,0,0
2511,14,111,16.674601,0,0
2512,14,112,16.669400,0,0
2513,14,113,16.943000,0,0
2514,14,114,17.138399,0,0
2515,14,115,16.419400,0,0
2516,14,116,16.945399,0,0
2517,14,117,16.267601,0,0
2518,14,118,16.577400,0,0
2519,14,119,17.125897,0,0
2520,14,120,17.231703,0,0
2521,14,121,26.122198,0,0
2522,14,122,16.398299,0,0
2523,14,123,17.276302,0,0
2524,14,124,16.919199,0,0
2525,14,125,16.165901,0,0
2526,14,126,16.874000,0,0
2527,14,127,16.912900,0,0
2528,14,128,17.371099,0,0
2529,14,129,15.815701,0,0
2530,14,130,17.169699,0,0
2531,14,131,16.283400,0,0
2532,14,132,16.473901,0,0
2533,14,133,16.963400,0,0
2534,14,134,16.301397,0,0
2535,14,135,16.331300,0,0
2536,14,136,16.373999,0,0
2537,14,137,16.700003,0,0
2538,14,138,16.724199,0,0
2539,14,139,16.634099,0,0
2540,14,140,16.614500,0,0
2541,14,141,16.718801,0,0
2542,14,142,16.619697,0,0
2543,14,143,16.805802,0,0
2544,14,144,16.676001,0,0
2545,14,145,16.736798,0,0
2546,14,146,16.454902,0,0
2547,14,147,16.700197,0,0
2548,14,148,16.734701,0,0
2549,14,149,16.576301,0,0
2550,15,0,35.591401,1,1
2551,15,1,18.879998,1,1
2552,15,2,19.895699,1,1
2553,15,3,20.196702,1,1
2554,15,4,20.903498,1,1
2555,15,5,17.753500,1,1
2556,15,6,19.096501,1,1
2557,15,7,17.865598,1,1
2558,15,8,19.979700,1,1
2559,15,9,18.348701,1,1
2560,15,10,18.817998,1,1
2561,15,11,17.356202,1,1
2562,15,12,16.320400,1,1
2563,15,13,16.698100,1,1
2564,15,14,16.735699,1,1
2565,15,15,17.032001,1,1
2566,15,16,16.390298,1,1
2567,15,17,16.703501,1,1
2568,15,18,16.524799,1,1
2569,15,19,16.477201,1,1
2570,15,20,16.904600,1,1
2571,15,21,16.521301,1,1
2572,15,22,16.672798,1,1
2573,15,23,16.707100,1,1
2574,15,24,17.185301,1,1
2575,15,25,16.116701,1,1
2576,15,26,16.905099,1,1
2577,15,27,16.513702,1,1
2578,15,28,16.619701,1,1
2579,15,29,16.717497,1,1
2580,15,30,17.173801,1,1
2581,15,31,34.853999,1,1
2582,15,32,22.724301,1,1
2583,15,33,22.999402,1,1
2584,15,34,22.564199,1,1
2585,15,35,22.801802,1,1
2586,15,36,22.436298,1,1
2587,15,37,22.384800,1,1
2588,15,38,22.537701,1,1
2589,15,39,21.952000,1,1
2590,15,40,18.856499,1,1
2591,15,41,20.680200,1,1
2592,15,42,19.687701,1,1
2593,15,43,21.598298,1,1
2594,15,44,19.336499,1,1
2595,15,45,20.160202,1,1
2596,15,46,19.517399,1,1
2597,15,47,19.283101,1,1
2598,15,48,20.116400,1,1
2599,15,49,20.507101,1,1
2600,15,50,20.035397,1,1
2601,15,51,35.318300,1,1
2602,15,52,20.793702,1,1
2603,15,53,21.084297,1,1
2604,15,54,20.570401,1,1
2605,15,55,20.624701,1,1
2606,15,56,19.236699,1,1
2607,15,57,18.575799,1,1
2608,15,58,20.055301,1,1
2609,15,59,19.689299,1,1
2610,15,60,22.852600,0,0
2611,15,61,16.674701,0,0
2612,15,62,17.015699,0,0
2613,15,63,16.160801,0,0
2614,15,64,16.565800,0,0
2615,15,65,16.769100,0,0
2616,15,66,16.517900,0,0
2617,15,67,17.053600,0,0
2618,15,68,16.366899,0,0
2619,15,69,16.616102,0,0
2620,15,70,16.748998,0,0
2621,15,71,16.808700,0,0
2622,15,72,17.171599,0,0
2623,15,73,16.700603,0,0
2624,15,74,16.611200,0,0
2625,15,75,16.795598,0,0
2626,15,76,16.791500,0,0
2627,15,77,16.613599,0,0
2628,15,78,16.229201,0,0
2629,15,79,16.686801,0,0
2630,15,80,16.252998,0,0
2631,15,81,16.706802,0,0
2632,15,82,17.484598,0,0
2633,15,83,15.949503,0,0
2634,15,84,16.739100,0,0
2635,15,85,16.446400,0,0
2636,15,86,16.610198,0,0
2637,15,87,16.773600,0,0
2638,15,88,16.648300,0,0
2639,15,89,16.585600,0,0
2640,15,90,17.201401,0,0
2641,15,91,27.371198,0,0
2642,15,92,16.303603,0,0
2643,15,93,16.788699,0,0
2644,15,94,16.890902,0,0
2645,15,95,16.435400,0,0
2646,15,96,16.664900,0,0
2647,15,97,16.743198,0,0
2648,15,98,16.686101,0,0
2649,15,99,16.439401,0,0
2650,15,100,16.963698,0,0
2651,15,101,16.622201,0,0
2652,15,102,16.642399,0,0
2653,15,103,17.085403,0,0
2654,15,104,16.403999,0,0
2655,15,105,16.674299,0,0
2656,15,106,17.014101,0,0
2657,15,107,16.617298,0,0
2658,15,108,16.587403,0,0
2659,15,109,16.524598,0,0
2660,15,110,16.864602,0,0
2661,15,111,16.457599,0,0
2662,15,112,16.744401,0,0
2663,15,113,16.547099,0,0
2664,15,114,17.639399,0,0
2665,15,115,17.394301,0,0
2666,15,116,15.746102,0,0
2667,15,117,16.728099,0,0
2668,15,118,16.500302,0,0
2669,15,119,16.930200,0,0
2670,15,120,17.554600,0,0
2671,15,121,28.148498,0,0
2672,15,122,16.254298,0,0
2673,15,123,17.039403,0,0
2674,15,124,16.623098,0,0
2675,15,125,16.423501,0,0
2676,15,126,16.697697,0,0
2677,15,127,16.813800,0,0
2678,15,128,16.420402,0,0
2679,15,129,16.434900,0,0
2680,15,130,16.799200,0,0
2681,15,131,17.773900,0,0
2682,15,132,16.340099,0,0
2683,15,133,16.492900,0,0
2684,15,134,16.090900,0,0
2685,15,135,16.910400,0,0
2686,15,136,18.128499,0,0
2687,15,137,15.984200,0,0
2688,15,138,16.652200,0,0
2689,15,139,16.768802,0,0
2690,15,140,17.021000,0,0
2691,15,141,16.169500,0,0
2692,15,142,16.857699,0,0
2693,15,143,16.838502,0,0
2694,15,144,16.993400,0,0
2695,15,145,16.228400,0,0
2696,15,146,17.166898,0,0
2697,15,147,16.810201,0,0
2698,15,148,16.744401,0,0
2699,15,149,16.322799,0,0
2700,16,0,48.133001,1,1
2701,16,1,23.513697,1,1
2702,16,2,23.273103,1,1
2703,16,3,23.288500,1,1
2704,16,4,21.364599,1,1
2705,16,5,19.496400,1,1
2706,16,6,20.204499,1,1
2707,16,7,21.766301,1,1
2708,16,8,21.002900,1,1
2709,16,9,21.147799,1,1
2710,16,10,17.792199,1,1
2711,16,11,17.187301,1,1
2712,16,12,16.873699,1,1
2713,16,13,16.502101,1,1
2714,16,14,16.655501,1,1
2715,16,15,16.711000,1,1
2716,16,16,16.648598,1,1
2717,16,17,17.418701,1,1
2718,16,18,16.485199,1,1
2719,16,19,17.623801,1,1
2720,16,20,17.081201,1,1
2721,16,21,18.008500,1,1
2722,16,22,17.032500,1,1
2723,16,23,16.704898,1,1
2724,16,24,16.846601,1,1
2725,16,25,17.744899,1,1
2726,16,26,17.248899,1,1
2727,16,27,16.703602,1,1
2728,16,28,16.441200,1,1
2729,16,29,16.771998,1,1
2730,16,30,17.007902,1,1
2731,16,31,33.960801,1,1
2732,16,32,26.234698,1,1
2733,16,33,26.095502,1,1
2734,16,34,24.942201,1,1
2735,16,35,24.190098,1,1
2736,16,36,23.828302,1,1
2737,16,37,25.583901,1,1
2738,16,38,23.881298,1,1
2739,16,39,20.030901,1,1
2740,16,40,20.926200,1,1
2741,16,41,19.420501,1,1
2742,16,42,20.096898,1,1
2743,16,43,20.561200,1,1
2744,16,44,22.641402,1,1
2745,16,45,21.089699,1,1
2746,16,46,21.043099,1,1
2747,16,47,21.155600,1,1
2748,16,48,22.552300,1,1
2749,16,49,19.794803,1,1
2750,16,50,20.836797,1,1
2751,16,51,34.610502,1,1
2752,16,52,22.555601,1,1
2753,16,53,23.897197,1,1
2754,16,54,20.467300,1,1
2755,16,55,21.571700,1,1
2756,16,56,20.271301,1,1
2757,16,57,20.061802,1,1
2758,16,58,19.863997,1,1
2759,16,59,20.891801,1,1
2760,16,60,24.271701,0,0
2761,16,61,16.343400,0,0
2762,16,62,16.821902,0,0
2763,16,63,17.215099,0,0
2764,16,64,15.978299,0,0
2765,16,65,17.511699,0,0
2766,16,66,16.318802,0,0
2767,16,67,16.491801,0,0
2768,16,68,16.452700,0,0
2769,16,69,17.011799,0,0
2770,16,70,16.285200,0,0
2771,16,71,16.817000,0,0
2772,16,72,16.716402,0,0
2773,16,73,16.653098,0,0
2774,16,74,17.081801,0,0
2775,16,75,16.034599,0,0
2776,16,76,16.311400,0,0
2777,16,77,16.634401,0,0
2778,16,78,16.697198,0,0
2779,16,79,16.627900,0,0
2780,16,80,16.581003,0,0
2781,16,81,16.758997,0,0
2782,16,82,16.602702,0,0
2783,16,83,16.705997,0,0
2784,16,84,16.645003,0,0
2785,16,85,16.651098,0,0
2786,16,86,16.635600,0,0
2787,16,87,16.731702,0,0
2788,16,88,16.873099,0,0
2789,16,89,16.522698,0,0
2790,16,90,17.320801,0,0
2791,16,91,28.184902,0,0
2792,16,92,17.477699,0,0
2793,16,93,16.421400,0,0
2794,16,94,16.816501,0,0
2795,16,95,16.808499,0,0
2796,16,96,16.945101,0,0
2797,16,97,16.713701,0,0
2798,16,98,17.074898,0,0
2799,16,99,17.493401,0,0
2800,16,100,17.263301,0,0
2801,16,101,17.715100,0,0
2802,16,102,17.522000,0,0
2803,16,103,16.998399,0,0
2804,16,104,16.574699,0,0
2805,16,105,16.727902,0,0
2806,16,106,16.596198,0,0
2807,16,107,16.909000,0,0
2808,16,108,16.395099,0,0
2809,16,109,17.037503,0,0
2810,16,110,17.103799,0,0
2811,16,111,16.142901,0,0
2812,16,112,16.662300,0,0
2813,16,113,16.905300,0,0
2814,16,114,16.216099,0,0
2815,16,115,16.557898,0,0
2816,16,116,16.843602,0,0
2817,16,117,16.955499,0,0
2818,16,118,16.957499,0,0
2819,16,119,16.214900,0,0
2820,16,120,16.425502,0,0
2821,16,121,26.044201,0,0
2822,16,122,16.577698,0,0
2823,16,123,16.971901,0,0
2824,16,124,16.725700,0,0
2825,16,125,16.971298,0,0
2826,16,126,16.550001,0,0
2827,16,127,16.466901,0,0
2828,16,128,16.650598,0,0
2829,16,129,16.687501,0,0
2830,16,130,16.874999,0,0
2831,16,131,16.443003,0,0
2832,16,132,17.384097,0,0
2833,16,133,16.899202,0,0
2834,16,134,15.729401,0,0
2835,16,135,17.085798,0,0
2836,16,136,16.402800,0,0
2837,16,137,16.920500,0,0
2838,16,138,16.362600,0,0
2839,16,139,16.688302,0,0
2840,16,140,16.569898,0,0
2841,16,141,16.631700,0,0
2842,16,142,16.938400,0,0
2843,16,143,16.651902,0,0
2844,16,144,16.875099,0,0
2845,16,145,16.224202,0,0
2846,16,146,16.910698,0,0
2847,16,147,16.677100,0,0
2848,16,148,16.629800,0,0
2849,16,149,16.790401,0,0
2850,17,0,38.520500,1,1
2851,17,1,21.014798,1,1
2852,17,2,20.485900,1,1
2853,17,3,20.158298,1,1
2854,17,4,19.735400,1,1
2855,17,5,19.686803,1,1
2856,17,6,20.747200,1,1
2857,17,7,19.681100,1,1
2858,17,8,20.794097,1,1
2859,17,9,21.561902,1,1
2860,17,10,19.918501,1,1
2861,17,11,16.536899,1,1
2862,17,12,16.891398,1,1
2863,17,13,16.880102,1,1
2864,17,14,17.013401,1,1
2865,17,15,17.046299,1,1
2866,17,16,16.787700,1,1
2867,17,17,19.711398,1,1
2868,17,18,17.291103,1,1
2869,17,19,16.486701,1,1
2870,17,20,16.757298,1,1
2871,17,21,16.764902,1,1
2872,17,22,16.933799,1,1
2873,17,23,16.144600,1,1
2874,17,24,16.661800,1,1
2875,17,25,16.788799,1,1
2876,17,26,16.994402,1,1
2877,17,27,16.635299,1,1
2878,17,28,16.107000,1,1
2879,17,29,16.688898,1,1
2880,17,30,17.039999,1,1
2881,17,31,32.597501,1,1
2882,17,32,25.663599,1,1
2883,17,33,21.031402,1,1
2884,17,34,21.022599,1,1
2885,17,35,22.294000,1,1
2886,17,36,23.003299,1,1
2887,17,37,24.146501,1,1
2888,17,38,23.160201,1,1
2889,17,39,23.793802,1,1
2890,17,40,19.816600,1,1
2891,17,41,20.158600,1,1
2892,17,42,19.549899,1,1
2893,17,43,18.475901,1,1
2894,17,44,19.629899,1,1
2895,17,45,18.737499,1,1
2896,17,46,19.736100,1,1
2897,17,47,18.783201,1,1
2898,17,48,18.190000,1,1
2899,17,49,19.622698,1,1
2900,17,50,19.219000,1,1
2901,17,51,35.485201,1,1
2902,17,52,19.167401,1,1
2903,17,53,19.056201,1,1
2904,17,54,18.244199,1,1
2905,17,55,19.044198,1,1
2906,17,56,18.321101,1,1
2907,17,57,19.451302,1,1
2908,17,58,18.273998,1,1
2909,17,59,19.131102,1,1
2910,17,60,24.272498,0,0
2911,17,61,16.166400,0,0
2912,17,62,16.721800,0,0
2913,17,63,16.075000,0,0
2914,17,64,16.676802,0,0
2915,17,65,16.665798,0,0
2916,17,66,16.735002,0,0
2917,17,67,16.606998,0,0
2918,17,68,16.674403,0,0
2919,17,69,16.834799,0,0
2920,17,70,16.595900,0,0
2921,17,71,17.009899,0,0
2922,17,72,16.421501,0,0
2923,17,73,16.502000,0,0
2924,17,74,16.552400,0,0
2925,17,75,16.845800,0,0
2926,17,76,16.550798,0,0
2927,17,77,16.829703,0,0
2928,17,78,16.500700,0,0
2929,17,79,16.859397,0,0
2930,17,80,16.833000,0,0
2931,17,81,16.453899,0,0
2932,17,82,16.716201,0,0
2933,17,83,16.429000,0,0
2934,17,84,16.778402,0,0
2935,17,85,16.593598,0,0
2936,17,86,16.623203,0,0
2937,17,87,16.873099,0,0
2938,17,88,16.685799,0,0
2939,17,89,16.883999,0,0
2940,17,90,16.934603,0,0
2941,17,91,25.527399,0,0
2942,17,92,16.730398,0,0
2943,17,93,16.694002,0,0
2944,17,94,16.900200,0,0
2945,17,95,16.430501,0,0
2946,17,96,16.652498,0,0
2947,17,97,16.689099,0,0
2948,17,98,16.666900,0,0
2949,17,99,16.619600,0,0
2950,17,100,16.725101,0,0
2951,17,101,16.628601,0,0
2952,17,102,16.817000,0,0
2953,17,103,17.150197,0,0
2954,17,104,16.377602,0,0
2955,17,105,16.751301,0,0
2956,17,106,16.571600,0,0
2957,17,107,16.899798,0,0
2958,17,108,17.144803,0,0
2959,17,109,16.744897,0,0
2960,17,110,15.751600,0,0
2961,17,111,16.732100,0,0
2962,17,112,16.660299,0,0
2963,17,113,16.751003,0,0
2964,17,114,16.507600,0,0
2965,17,115,16.630299,0,0
2966,17,116,16.904902,0,0
2967,17,117,16.424097,0,0
2968,17,118,16.895302,0,0
2969,17,119,16.460698,0,0
2970,17,120,17.708603,0,0
2971,17,121,27.497999,0,0
2972,17,122,16.840599,0,0
2973,17,123,16.796101,0,0
2974,17,124,16.514998,0,0
2975,17,125,16.393602,0,0
2976,17,126,16.579300,0,0
2977,17,127,16.654998,0,0
2978,17,128,17.105401,0,0
2979,17,129,16.405199,0,0
2980,17,130,16.536903,0,0
2981,17,131,16.650997,0,0
2982,17,132,17.082401,0,0
2983,17,133,16.486201,0,0
2984,17,134,16.506698,0,0
2985,17,135,17.102700,0,0
2986,17,136,16.244601,0,0
2987,17,137,16.672499,0,0
2988,17,138,17.195102,0,0
2989,17,139,16.318798,0,0
2990,17,140,16.911201,0,0
2991,17,141,16.334400,0,0
2992,17,142,16.573202,0,0
2993,17,143,16.915496,0,0
2994,17,144,16.517002,0,0
2995,17,145,16.551401,0,0
2996,17,146,16.733397,0,0
2997,17,147,16.611703,0,0
2998,17,148,16.723499,0,0
2999,17,149,16.608901,0,0
3000,18,0,39.100800,1,1
3001,18,1,20.609301,1,1
3002,18,2,20.319097,1,1
3003,18,3,20.390701,1,1
3004,18,4,19.349903,1,1
3005,18,5,18.858898,1,1
3006,18,6,18.812198,1,1
3007,18,7,19.598000,1,1
3008,18,8,19.627601,1,1
3009,18,9,19.195501,1,1
3010,18,10,18.734701,1,1
3011,18,11,16.405299,1,1
3012,18,12,16.631801,1,1
3013,18,13,18.114999,1,1
3014,18,14,20.260599,1,1
3015,18,15,16.915802,1,1
3016,18,16,17.146401,1,1
3017,18,17,16.583100,1,1
3018,18,18,16.852599,1,1
3019,18,19,17.121099,1,1
3020,18,20,17.012503,1,1
3021,18,21,16.509097,1,1
3022,18,22,16.620401,1,1
3023,18,23,16.685601,1,1
3024,18,24,17.002799,1,1
3025,18,25,16.795602,1,1
3026,18,26,17.021298,1,1
3027,18,27,16.956098,1,1
3028,18,28,16.704202,1,1
3029,18,29,16.721800,1,1
3030,18,30,16.972698,1,1
3031,18,31,35.017602,1,1
3032,18,32,27.581599,1,1
3033,18,33,30.683700,1,1
3034,18,34,30.770000,1,1
3035,18,35,23.892902,1,1
3036,18,36,23.540597,1,1
3037,18,37,23.231801,1,1
3038,18,38,23.347802,1,1
3039,18,39,19.346897,1,1
3040,18,40,21.417402,1,1
3041,18,41,20.266298,1,1
3042,18,42,20.983502,1,1
3043,18,43,20.044800,1,1
3044,18,44,19.705698,1,1
3045,18,45,21.137003,1,1
3046,18,46,19.982699,1,1
3047,18,47,20.959999,1,1
3048,18,48,19.473501,1,1
3049,18,49,20.813499,1,1
3050,18,50,20.303302,1,1
3051,18,51,34.570500,1,1
3052,18,52,22.515398,1,1
3053,18,53,22.043303,1,1
3054,18,54,20.163998,1,1
3055,18,55,19.041501,1,1
3056,18,56,20.335399,1,1
3057,18,57,19.651603,1,1
3058,18,58,20.169199,1,1
3059,18,59,19.436799,1,1
3060,18,60,25.022600,0,0
3061,18,61,16.359203,0,0
3062,18,62,16.659398,0,0
3063,18,63,16.515300,0,0
3064,18,64,17.071001,0,0
3065,18,65,16.718600,0,0
3066,18,66,16.650200,0,0
3067,18,67,16.636800,0,0
3068,18,68,16.200799,0,0
3069,18,69,16.580302,0,0
3070,18,70,16.431097,0,0
3071,18,71,16.844802,0,0
3072,18,72,17.272498,0,0
3073,18,73,16.959000,0,0
3074,18,74,16.384803,0,0
3075,18,75,16.496498,0,0
3076,18,76,16.699400,0,0
3077,18,77,16.655702,0,0
3078,18,78,16.439497,0,0
3079,18,79,16.416799,0,0
3080,18,80,16.832802,0,0
3081,18,81,16.447701,0,0
3082,18,82,16.807798,0,0
3083,18,83,16.521301,0,0
3084,18,84,16.680200,0,0
3085,18,85,16.796600,0,0
3086,18,86,16.692899,0,0
3087,18,87,16.743999,0,0
3088,18,88,16.921002,0,0
3089,18,89,16.670197,0,0
3090,18,90,16.939100,0,0
3091,18,91,24.926201,0,0
3092,18,92,16.727701,0,0
3093,18,93,17.114300,0,0
3094,18,94,17.257299,0,0
3095,18,95,16.838502,0,0
3096,18,96,16.616497,0,0
3097,18,97,16.600702,0,0
3098,18,98,16.686600,0,0
3099,18,99,17.087199,0,0
3100,18,100,16.795501,0,0
3101,18,101,16.629498,0,0
3102,18,102,16.675003,0,0
3103,18,103,17.347600,0,0
3104,18,104,16.462300,0,0
3105,18,105,16.423397,0,0
3106,18,106,17.138802,0,0
3107,18,107,16.764499,0,0
3108,18,108,16.494002,0,0
3109,18,109,16.536899,0,0
3110,18,110,16.506001,0,0
3111,18,111,16.636297,0,0
3112,18,112,16.682003,0,0
3113,18,113,16.957000,0,0
3114,18,114,16.597997,0,0
3115,18,115,16.560301,0,0
3116,18,116,17.108701,0,0
3117,18,117,16.258400,0,0
3118,18,118,16.724698,0,0
3119,18,119,16.732600,0,0
3120,18,120,17.321501,0,0
3121,18,121,28.212901,0,0
3122,18,122,16.378399,0,0
3123,18,123,17.221801,0,0
3124,18,124,16.181801,0,0
3125,18,125,17.003197,0,0
3126,18,126,17.317001,0,0
3127,18,127,15.767001,0,0
3128,18,128,16.892500,0,0
3129,18,129,16.520601,0,0
3130,18,130,16.761698,0,0
3131,18,131,17.024100,0,0
3132,18,132,16.302902,0,0
3133,18,133,16.948499,0,0
3134,18,134,15.829898,0,0
3135,18,135,16.811900,0,0
3136,18,136,16.547102,0,0
3137,18,137,16.571101,0,0
3138,18,138,16.807597,0,0
3139,18,139,16.975701,0,0
3140,18,140,16.251702,0,0
3141,18,141,16.658898,0,0
3142,18,142,16.664602,0,0
3143,18,143,16.679898,0,0
3144,18,144,16.740501,0,0
3145,18,145,16.575400,0,0
3146,18,146,16.740900,0,0
3147,18,147,16.695101,0,0
3148,18,148,16.548499,0,0
3149,18,149,16.760301,0,0
3150,19,0,39.095398,1,1
3151,19,1,21.536600,1,1
3152,19,2,20.480901,1,1
3153,19,3,21.649700,1,1
3154,19,4,20.038702,1,1
3155,19,5,20.618297,1,1
3156,19,6,19.829500,1,1
3157,19,7,20.832401,1,1
3158,19,8,20.181302,1,1
3159,19,9,20.614699,1,1
3160,19,10,19.994199,1,1
3161,19,11,17.547902,1,1
3162,19,12,16.720999,1,1
3163,19,13,16.604502,1,1
3164,19,14,17.679099,1,1
3165,19,15,17.530400,1,1
3166,19,16,17.891899,1,1
3167,19,17,16.770199,1,1
3168,19,18,16.768500,1,1
3169,19,19,16.577203,1,1
3170,19,20,16.711500,1,1
3171,19,21,17.333798,1,1
3172,19,22,16.589902,1,1
3173,19,23,16.712297,1,1
3174,19,24,16.672101,1,1
3175,19,25,19.157700,1,1
3176,19,26,18.331800,1,1
3177,19,27,16.837601,1,1
3178,19,28,16.452599,1,1
3179,19,29,16.735200,1,1
3180,19,30,16.832899,1,1
3181,19,31,31.460501,1,1
3182,19,32,20.973902,1,1
3183,19,33,22.079799,1,1
3184,19,34,21.836698,1,1
3185,19,35,21.627001,1,1
3186,19,36,23.920100,1,1
3187,19,37,22.622500,1,1
3188,19,38,21.310400,1,1
3189,19,39,23.630999,1,1
3190,19,40,19.002199,1,1
3191,19,41,18.964201,1,1
3192,19,42,18.745299,1,1
3193,19,43,18.817902,1,1
3194,19,44,20.365700,1,1
3195,19,45,18.766999,1,1
3196,19,46,22.461198,1,1
3197,19,47,21.120500,1,1
3198,19,48,20.416200,1,1
3199,19,49,22.251002,1,1
3200,19,50,20.752497,1,1
3201,19,51,35.225302,1,1
3202,19,52,19.888900,1,1
3203,19,53,20.333000,1,1
3204,19,54,18.285599,1,1
3205,19,55,19.123100,1,1
3206,19,56,18.564101,1,1
3207,19,57,17.976500,1,1
3208,19,58,17.814100,1,1
3209,19,59,17.972600,1,1
3210,19,60,23.219600,0,0
3211,19,61,16.358700,0,0
3212,19,62,16.974300,0,0
3213,19,63,16.150001,0,0
3214,19,64,16.451400,0,0
3215,19,65,16.646300,0,0
3216,19,66,16.621102,0,0
3217,19,67,16.750097,0,0
3218,19,68,16.674902,0,0
3219,19,69,16.566399,0,0
3220,19,70,16.725101,0,0
3221,19,71,16.640097,0,0
3222,19,72,16.919203,0,0
3223,19,73,16.659800,0,0
3224,19,74,16.569000,0,0
3225,19,75,16.545799,0,0
3226,19,76,16.639300,0,0
3227,19,77,16.981199,0,0
3228,19,78,16.693801,0,0
3229,19,79,16.218502,0,0
3230,19,80,16.674899,0,0
3231,19,81,16.662098,0,0
3232,19,82,17.036002,0,0
3233,19,83,16.812600,0,0
3234,19,84,16.549800,0,0
3235,19,85,16.201999,0,0
3236,19,86,16.746100,0,0
3237,19,87,16.720299,0,0
3238,19,88,16.888402,0,0
3239,19,89,16.702000,0,0
3240,19,90,17.481599,0,0
3241,19,91,25.378499,0,0
3242,19,92,16.465001,0,0
3243,19,93,16.704202,0,0
3244,19,94,16.589098,0,0
3245,19,95,16.766001,0,0
3246,19,96,16.674601,0,0
3247,19,97,16.692601,0,0
3248,19,98,16.687300,0,0
3249,19,99,16.608100,0,0
3250,19,100,16.828697,0,0
3251,19,101,16.816702,0,0
3252,19,102,16.299501,0,0
3253,19,103,17.043199,0,0
3254,19,104,17.117698,0,0
3255,19,105,16.493000,0,0
3256,19,106,16.404700,0,0
3257,19,107,16.641803,0,0
3258,19,108,16.692299,0,0
3259,19,109,16.652998,0,0
3260,19,110,16.576901,0,0
3261,19,111,16.526800,0,0
3262,19,112,17.300099,0,0
3263,19,113,16.474202,0,0
3264,19,114,16.636699,0,0
3265,19,115,16.405798,0,0
3266,19,116,16.786102,0,0
3267,19,117,16.637199,0,0
3268,19,118,16.629100,0,0
3269,19,119,16.729102,0,0
3270,19,120,17.050099,0,0
3271,19,121,27.024299,0,0
3272,19,122,16.507700,0,0
3273,19,123,17.251901,0,0
3274,19,124,16.424000,0,0
3275,19,125,16.314201,0,0
3276,19,126,16.861901,0,0
3277,19,127,16.615197,0,0
3278,19,128,16.567301,0,0
3279,19,129,16.581301,0,0
3280,19,130,16.815200,0,0
3281,19,131,16.702898,0,0
3282,19,132,16.640700,0,0
3283,19,133,16.607102,0,0
3284,19,134,16.683299,0,0
3285,19,135,16.533598,0,0
3286,19,136,16.743001,0,0
3287,19,137,16.486701,0,0
3288,19,138,16.667400,0,0
3289,19,139,16.706701,0,0
3290,19,140,16.688101,0,0
3291,19,141,16.924199,0,0
3292,19,142,16.593099,0,0
3293,19,143,16.611401,0,0
3294,19,144,16.567200,0,0
3295,19,145,16.652901,0,0
3296,19,146,16.729098,0,0
3297,19,147,16.669400,0,0
3298,19,148,47.974702,0,0
3299,19,149,16.984098,0,0
